,Date,Adj Close,Close,High,Low,Open,Volume,Daily_Return,Cluster
1,2023-08-02,44.1335563659668,44.26900100708008,45.84000015258789,43.387001037597656,45.83100128173828,530142000,-4.812176583892535,1
2,2023-08-03,44.378787994384766,44.51499938964844,45.11800003051758,43.79999923706055,43.79999923706055,324176000,0.555689934202519,0
3,2023-08-04,44.54328536987305,44.68000030517578,45.641998291015625,44.393001556396484,44.98500061035156,362666000,0.37066363650386513,1
4,2023-08-07,45.27803039550781,45.41699981689453,45.540000915527344,44.5629997253418,45.111000061035156,322154000,1.64950650556146,0
5,2023-08-08,44.527339935302734,44.66400146484375,45.242000579833984,44.055999755859375,44.85300064086914,353843000,-1.657965860991717,1
6,2023-08-09,42.423789978027344,42.55400085449219,44.3120002746582,42.13399887084961,44.27399826049805,586449000,-4.724163848177376,1
7,2023-08-10,42.258304595947266,42.38800048828125,43.57400131225586,41.834999084472656,42.15999984741211,492705000,-0.39009344098702714,1
8,2023-08-11,40.72998809814453,40.85499954223633,42.018001556396484,40.638999938964844,41.750999450683594,533085000,-3.616591791039403,1
9,2023-08-14,43.61912155151367,43.75299835205078,43.79999923706055,40.31100082397461,40.486000061035156,690286000,7.093376189659417,1
10,2023-08-15,43.80555725097656,43.939998626708984,45.268001556396484,43.709999084472656,44.560001373291016,676512000,0.4273999078955315,1
11,2023-08-16,43.352935791015625,43.486000061035156,44.67499923706055,43.40599822998047,44.52000045776367,527451000,-1.033223895910329,1
12,2023-08-17,43.21136474609375,43.34400177001953,44.0620002746582,43.000999450683594,43.970001220703125,452395000,-0.32653794512330636,1
13,2023-08-18,43.16650390625,43.29899978637695,43.577999114990234,41.65999984741211,42.6349983215332,583768000,-0.10382517027697213,1
14,2023-08-21,46.82329177856445,46.96699905395508,47.064998626708984,44.22200012207031,44.49399948120117,692573000,8.471325632635462,1
15,2023-08-22,45.52825164794922,45.667999267578125,48.1870002746582,45.33300018310547,48.1349983215332,755293000,-2.7657713129269346,1
16,2023-08-23,46.971832275390625,47.11600112915039,47.20000076293945,45.20800018310547,45.86600112915039,779046000,3.1707144713919444,1
17,2023-08-24,47.01868438720703,47.16299819946289,50.26599884033203,47.159000396728516,50.215999603271484,1156044000,0.09974757871253903,1
18,2023-08-25,45.877193450927734,46.018001556396484,47.80500030517578,45.02399826049805,47.012001037597656,925341000,-2.427743542138605,1
19,2023-08-28,46.691688537597656,46.834999084472656,46.97999954223633,44.88800048828125,46.481998443603516,685192000,1.7753868061282763,1
20,2023-08-29,48.634735107421875,48.784000396728516,49.08100128173828,46.39099884033203,46.66600036621094,701397000,4.16142062635807,1
21,2023-08-30,49.11326217651367,49.263999938964844,49.926998138427734,48.42499923706055,49.04399871826172,735206000,0.9839282107510838,1
22,2023-08-31,49.20398712158203,49.35499954223633,49.74399948120117,48.95800018310547,49.380001068115234,528570000,0.18471825954902155,1
23,2023-09-01,48.36056900024414,48.50899887084961,49.79999923706055,48.141998291015625,49.762001037597656,463830000,-1.7141134216053233,1
24,2023-09-05,48.39944839477539,48.54800033569336,48.85100173950195,47.86000061035156,48.222999572753906,382653000,0.08040047362674052,1
25,2023-09-06,46.92085647583008,47.06100082397461,48.54899978637695,46.58000183105469,48.441001892089844,468670000,-3.0629469832673673,1
26,2023-09-07,46.10330581665039,46.24100112915039,46.34400177001953,45.152000427246094,45.525001525878906,433330000,-1.7424187341261943,1
27,2023-09-08,45.43629455566406,45.571998596191406,46.60599899291992,45.270999908447266,45.94200134277344,473069000,-1.4467734621282813,1
28,2023-09-11,45.04347229003906,45.178001403808594,46.16299819946289,44.3120002746582,46.14799880981445,473966000,-0.8645598273491983,1
29,2023-09-12,44.73638916015625,44.869998931884766,45.67300033569336,44.53099822998047,44.737998962402344,349256000,-0.6817532036684226,1
30,2023-09-13,45.34955596923828,45.48500061035156,45.93000030517578,44.50299835205078,44.599998474121094,398355000,1.370630026981745,1
31,2023-09-14,45.44527053833008,45.58100128173828,45.98699951171875,45.13100051879883,45.95000076293945,370097000,0.2110600639738669,1
32,2023-09-15,43.7692756652832,43.900001525878906,45.5989990234375,43.80799865722656,45.340999603271484,506831000,-3.6879395111771185,1
33,2023-09-18,43.83507537841797,43.965999603271484,44.242000579833984,42.0,42.74800109863281,500271000,0.15033730090801,1
34,2023-09-19,43.39041519165039,43.52000045776367,43.965999603271484,43.00199890136719,43.83300018310547,373064000,-1.0144182994411555,1
35,2023-09-20,42.11322021484375,42.23899841308594,43.90299987792969,42.222999572753906,43.599998474121094,367108000,-2.9434789319934707,1
36,2023-09-21,40.894859313964844,41.016998291015625,42.099998474121094,40.97999954223633,41.58300018310547,450736000,-2.8930613129589,1
37,2023-09-22,41.48610305786133,41.61000061035156,42.1150016784668,41.23099899291992,41.571998596191406,479236000,1.4457477242205474,1
38,2023-09-25,42.09627914428711,42.22200012207031,42.5359992980957,41.176998138427734,41.590999603271484,419091000,1.4707990933470416,1
39,2023-09-26,41.786190032958984,41.9109992980957,42.81999969482422,41.654998779296875,42.000999450683594,402282000,-0.7365847735196329,1
40,2023-09-27,42.34153366088867,42.46799850463867,42.87200164794922,41.62900161743164,42.33000183105469,444935000,1.3290048337460503,1
41,2023-09-28,42.960693359375,43.0890007019043,43.44599914550781,42.1150016784668,42.459999084472656,424663000,1.462282704935558,1
42,2023-09-29,43.369468688964844,43.499000549316406,44.14400100708008,43.30699920654297,43.82699966430664,397830000,0.9515185795292425,1
43,2023-10-02,44.64864730834961,44.78200149536133,45.17499923706055,43.861000061035156,44.029998779296875,433298000,2.949495229414145,1
44,2023-10-03,43.38742446899414,43.516998291015625,45.130001068115234,43.24599838256836,44.80799865722656,470850000,-2.8248027379409013,1
45,2023-10-04,43.909854888916016,44.04100036621094,44.143001556396484,43.29199981689453,43.742000579833984,361821000,1.2041319387221971,1
46,2023-10-05,44.554927825927734,44.6879997253418,44.900001525878906,43.88800048828125,44.04999923706055,393483000,1.4690841573781643,1
47,2023-10-06,45.625732421875,45.762001037597656,45.78900146484375,44.0260009765625,44.19300079345703,434436000,2.4033327042087604,1
48,2023-10-09,45.138187408447266,45.27299880981445,45.60499954223633,44.36800003051758,44.84199905395508,409675000,-1.0685770217553237,1
49,2023-10-10,45.66162872314453,45.79800033569336,46.25899887084961,45.0880012512207,45.310001373291016,368582000,1.1596349693652197,1
50,2023-10-11,46.666622161865234,46.805999755859375,46.85900115966797,46.04999923706055,46.19599914550781,378137000,2.2009681924483937,1
51,2023-10-12,46.805213928222656,46.94499969482422,47.60900115966797,46.33000183105469,46.777000427246094,481325000,0.2969703450195871,1
52,2023-10-13,45.325626373291016,45.46099853515625,47.11600112915039,45.279998779296875,46.959999084472656,474115000,-3.1611485127596706,1
53,2023-10-16,45.95774841308594,46.095001220703125,46.224998474121094,44.9119987487793,45.0629997253418,375099000,1.3946079188220661,1
54,2023-10-17,43.80717086791992,43.9379997253418,44.75400161743164,42.47999954223633,44.0,812333000,-4.679469439719918,1
55,2023-10-18,42.070350646972656,42.19599914550781,43.21900177001953,41.82500076293945,42.590999603271484,627294000,-3.964678844561198,1
56,2023-10-19,41.97563934326172,42.10100173950195,43.297000885009766,41.88199996948242,42.81100082397461,501233000,-0.22513368075079976,1
57,2023-10-20,41.263763427734375,41.387001037597656,42.470001220703125,41.077999114990234,41.88999938964844,477266000,-1.695923309193792,1
58,2023-10-23,42.8470344543457,42.974998474121094,43.24800109863281,40.94499969482422,41.229000091552734,478530000,3.836947342671282,1
59,2023-10-24,43.532989501953125,43.66299819946289,43.696998596191406,42.691001892089844,43.07699966430664,401463000,1.600930191437011,1
60,2023-10-25,41.65458679199219,41.77899932861328,43.650001525878906,41.55500030517578,43.39799880981445,398379000,-4.31486372567238,1
61,2023-10-26,40.20592498779297,40.32600021362305,42.25600051879883,39.880001068115234,41.85300064086914,541001000,-3.4778217246460352,1
62,2023-10-27,40.3794059753418,40.5,41.20600128173828,40.01499938964844,41.130001068115234,416784000,0.4314828781808444,1
63,2023-10-30,41.03843307495117,41.1609992980957,41.76599884033203,40.48099899291992,41.08700180053711,388028000,1.632097032335067,1
64,2023-10-31,40.6585693359375,40.779998779296875,40.87900161743164,39.22999954223633,40.45000076293945,517969000,-0.9256347642085938,1
65,2023-11-01,42.19896697998047,42.32500076293945,42.38100051879883,40.86899948120117,40.88399887084961,437593000,3.788626851129151,1
66,2023-11-02,43.37644958496094,43.50600051879883,43.88399887084961,42.89400100708008,43.327999114990234,409172000,2.7903124266296153,1
67,2023-11-03,44.87099075317383,45.005001068115234,45.308998107910156,43.722999572753906,44.02000045776367,424610000,3.4455029914061797,1
68,2023-11-06,45.614768981933594,45.750999450683594,45.935001373291016,44.89899826049805,45.28499984741211,400733000,1.6575899674778016,1
69,2023-11-07,45.81816101074219,45.95500183105469,46.21799850463867,45.15800094604492,45.71900177001953,343165000,0.4458971013103108,0
70,2023-11-08,46.43531799316406,46.57400131225586,46.867000579833984,45.96799850463867,46.099998474121094,346719000,1.3469686792241031,0
71,2023-11-09,46.81019973754883,46.95000076293945,48.22999954223633,46.75,47.46699905395508,540496000,0.8073161851881672,1
72,2023-11-10,48.19107437133789,48.334999084472656,48.47200012207031,47.28300094604492,47.5,421245000,2.9499431289178313,1
73,2023-11-13,48.47521209716797,48.619998931884766,49.11600112915039,48.0989990234375,48.31999969482422,384136000,0.5896345356581678,1
74,2023-11-14,49.50813674926758,49.65599822998047,49.83399963378906,49.040000915527344,49.68000030517578,416954000,2.1308089692620324,1
75,2023-11-15,48.74242401123047,48.88800048828125,49.959999084472656,48.20000076293945,49.935001373291016,475497000,-1.5466363965582874,1
76,2023-11-16,49.33266830444336,49.47999954223633,49.525001525878906,48.33000183105469,48.67900085449219,339756000,1.2109291606168027,0
77,2023-11-17,49.151206970214844,49.29800033569336,49.71699905395508,49.00699996948242,49.52399826049805,325205000,-0.36782378380503244,0
78,2023-11-20,50.2588996887207,50.409000396728516,50.54800033569336,49.180999755859375,49.3120002746582,414120000,2.253641229806136,1
79,2023-11-21,49.795284271240234,49.944000244140625,50.516998291015625,49.22200012207031,50.125999450683594,565747000,-0.922454619072488,1
80,2023-11-22,48.57093811035156,48.715999603271484,50.334999084472656,47.689998626708984,49.85200119018555,899420000,-2.4587550754171072,1
81,2023-11-24,47.63373565673828,47.7760009765625,48.92100143432617,47.744998931884766,48.470001220703125,294645000,-1.9295480629855755,0
82,2023-11-27,48.09835433959961,48.242000579833984,48.529998779296875,47.652000427246094,47.79999923706055,395662000,0.9753842802793233,1
83,2023-11-28,47.67860412597656,47.82099914550781,48.323001861572266,47.472999572753906,48.236000061035156,401491000,-0.8726865164504716,1
84,2023-11-29,47.99665069580078,48.13999938964844,48.762001037597656,47.86000061035156,48.37900161743164,382005000,0.6670714745419248,1
85,2023-11-30,46.6307373046875,46.77000045776367,48.11000061035156,46.422000885009766,48.02399826049805,526247000,-2.8458640408278835,1
86,2023-12-01,46.62575149536133,46.76499938964844,47.20000076293945,46.1870002746582,46.525001525878906,369317000,-0.010692897298025805,1
87,2023-12-04,45.374481201171875,45.5099983215332,46.07699966430664,45.0099983215332,46.07699966430664,437543000,-2.68363323959121,1
88,2023-12-05,46.431419372558594,46.566001892089844,46.599998474121094,45.270999908447266,45.465999603271484,371718000,2.3203770808688295,1
89,2023-12-06,45.371490478515625,45.50299835205078,47.387001037597656,45.4119987487793,47.21500015258789,380590000,-2.2827889379518185,1
90,2023-12-07,46.46133804321289,46.59600067138672,46.62900161743164,45.604000091552734,45.70000076293945,350823000,2.402044610070564,1
91,2023-12-08,47.36871337890625,47.50600051879883,47.74100112915039,46.54999923706055,46.595001220703125,359224000,1.9529569797841262,1
92,2023-12-11,46.492244720458984,46.62699890136719,47.53099822998047,45.83000183105469,47.49100112915039,509728000,-1.8502959791022788,1
93,2023-12-12,47.5192756652832,47.65700149536133,47.66600036621094,46.04600143432617,46.04600143432617,372387000,2.2090261399258404,1
94,2023-12-13,47.94902801513672,48.0880012512207,48.59400177001953,47.608001708984375,47.62900161743164,447792000,0.9043786691055766,1
95,2023-12-14,48.21025848388672,48.349998474121094,48.66999816894531,47.422000885009766,48.38999938964844,391232000,0.5448286809253577,1
96,2023-12-15,48.74869918823242,48.88999938964844,49.40399932861328,48.119998931884766,48.194000244140625,479948000,1.1168581852518011,1
97,2023-12-18,49.932281494140625,50.07699966430664,50.43299865722656,49.150001525878906,49.400001525878906,412587000,2.4278999580219507,1
98,2023-12-19,49.460636138916016,49.604000091552734,49.70000076293945,48.89500045776367,49.42399978637695,464444000,-0.9445445532373697,1
99,2023-12-20,47.97195816040039,48.111000061035156,49.999000549316406,48.097999572753906,49.654998779296875,397894000,-3.0098379722643065,1
100,2023-12-21,48.84841537475586,48.9900016784668,49.095001220703125,48.41899871826172,48.81100082397461,300425000,1.8270283642337848,0
101,2023-12-22,48.688873291015625,48.83000183105469,49.382999420166016,48.46699905395508,49.19499969482422,252507000,-0.3265969420908066,0
102,2023-12-26,49.13658142089844,49.27899932861328,49.599998474121094,48.959999084472656,48.96799850463867,244200000,0.9195115312755187,0
103,2023-12-27,49.27418518066406,49.41699981689453,49.68000030517578,49.084999084472656,49.51100158691406,233648000,0.28003914479066694,0
104,2023-12-28,49.37887191772461,49.52199935913086,49.88399887084961,49.4119987487793,49.643001556396484,246587000,0.2124765619632596,0
105,2023-12-29,49.37887191772461,49.52199935913086,49.99700164794922,48.750999450683594,49.8129997253418,389293000,0.0,1
106,2024-01-02,48.0287971496582,48.167999267578125,49.29499816894531,47.595001220703125,49.24399948120117,411254000,-2.734138583003487,1
107,2024-01-03,47.431522369384766,47.569000244140625,48.183998107910156,47.31999969482422,47.48500061035156,320896000,-1.2435621834944843,0
108,2024-01-04,47.859283447265625,47.99800109863281,48.5,47.507999420166016,47.766998291015625,306535000,0.9018496337749538,0
109,2024-01-05,48.955101013183594,49.09700012207031,49.547000885009766,48.305999755859375,48.46200180053711,415039000,2.2896766496153242,1
110,2024-01-08,52.10198211669922,52.25299835205078,52.275001525878906,49.479000091552734,49.512001037597656,642510000,6.428087708278873,1
111,2024-01-09,52.98642349243164,53.13999938964844,54.32500076293945,51.689998626708984,52.4010009765625,773100000,1.6975122300572076,1
112,2024-01-10,54.19293212890625,54.349998474121094,54.599998474121094,53.48899841308594,53.61600112915039,533796000,2.2770024433014235,1
113,2024-01-11,54.6635627746582,54.821998596191406,55.34600067138672,53.560001373291016,54.999000549316406,596759000,0.8684455111715561,1
114,2024-01-12,54.551883697509766,54.709999084472656,54.970001220703125,54.33000183105469,54.619998931884766,352994000,-0.20429665934603713,1
115,2024-01-16,56.21905517578125,56.38199996948242,56.834999084472656,54.900001525878906,55.018001556396484,449580000,3.056115724710917,1
116,2024-01-17,55.89101028442383,56.053001403808594,56.47100067138672,54.7400016784668,56.34700012207031,474394000,-0.5835170193535189,1
117,2024-01-18,56.94195556640625,57.106998443603516,57.599998474121094,56.106998443603516,57.2599983215332,491650000,1.8803578994849524,1
118,2024-01-19,59.31907272338867,59.49100112915039,59.5,57.224998474121094,57.98899841308594,543501000,4.174624390215875,1
119,2024-01-22,59.48160171508789,59.65399932861328,60.33100128173828,59.06999969482422,60.04899978637695,452955000,0.2739879920814037,1
120,2024-01-23,59.6999626159668,59.87300109863281,59.90999984741211,58.584999084472656,59.56999969482422,294654000,0.3671200128814833,0
121,2024-01-24,61.18466567993164,61.36199951171875,62.8489990234375,59.9379997253418,60.30400085449219,560271000,2.4869279738174654,1
122,2024-01-25,61.43891906738281,61.617000579833984,62.71900177001953,60.849998474121094,62.349998474121094,482777000,0.4155683813180433,1
123,2024-01-26,60.8546142578125,61.03099822998047,61.78300094604492,60.573001861572266,60.959999084472656,390309000,-0.9510400446939404,1
124,2024-01-29,62.28446960449219,62.46500015258789,62.48899841308594,60.90700149536133,61.231998443603516,348733000,2.3496288184632563,1
125,2024-01-30,62.59257888793945,62.77399826049805,63.49300003051758,62.2599983215332,62.900001525878906,410735000,0.4946739888823215,1
126,2024-01-31,61.34918212890625,61.527000427246094,62.26900100708008,60.70000076293945,61.439998626708984,453795000,-1.9864878258625374,1
127,2024-02-01,62.8448486328125,63.027000427246094,63.191001892089844,61.650001525878906,62.099998474121094,369146000,2.437954052016078,1
128,2024-02-02,65.96878814697266,66.16000366210938,66.5999984741211,63.689998626708984,63.9739990234375,476578000,4.970890592326049,1
129,2024-02-05,69.13162994384766,69.33200073242188,69.49700164794922,67.20500183105469,68.2249984741211,680078000,4.794433033154655,1
130,2024-02-06,68.02583312988281,68.2229995727539,69.75399780273438,66.30000305175781,69.62999725341797,683111000,-1.5995516470785565,1
131,2024-02-07,69.89640808105469,70.0989990234375,70.22000122070312,67.5999984741211,68.31900024414062,495575000,2.7498049960160476,1
132,2024-02-08,69.43972778320312,69.64099884033203,70.79399871826172,69.45500183105469,70.0739974975586,414422000,-0.6533619445155514,1
133,2024-02-09,71.92453002929688,72.13300323486328,72.18499755859375,70.21199798583984,70.53299713134766,436637000,3.578358202823506,1
134,2024-02-12,72.0391845703125,72.24800109863281,74.61100006103516,71.25,72.5999984741211,613710000,0.15942475512229493,1
135,2024-02-13,71.91954803466797,72.12799835205078,73.44999694824219,69.62000274658203,70.4000015258789,602580000,-0.16609836224839025,1
136,2024-02-14,73.68643188476562,73.9000015258789,74.23600006103516,71.93800354003906,73.2020034790039,504917000,2.4567480233946393,1
137,2024-02-15,72.4480209350586,72.65799713134766,73.9749984741211,72.4000015258789,73.86900329589844,420122000,-1.6806554382767014,1
138,2024-02-16,72.40314483642578,72.61299896240234,74.4020004272461,72.5009994506836,74.0999984741211,495327000,-0.061931474472065595,1
139,2024-02-20,69.25128936767578,69.4520034790039,71.95600128173828,67.73400115966797,71.9469985961914,704833000,-4.3532088311558965,1
140,2024-02-21,67.27700805664062,67.47200012207031,68.88800048828125,66.24800109863281,68.00599670410156,673755000,-2.8508945138381314,1
141,2024-02-22,78.31102752685547,78.53800201416016,78.57499694824219,74.22000122070312,75.0250015258789,865100000,16.40088017558281,1
142,2024-02-23,78.5892105102539,78.81700134277344,82.39399719238281,77.56999969482422,80.79000091552734,829388000,0.35524118446885744,1
143,2024-02-26,78.8634262084961,79.09200286865234,80.64600372314453,78.50499725341797,79.69999694824219,503973000,0.3489114292523299,1
144,2024-02-27,78.47354125976562,78.70099639892578,79.4800033569336,77.16200256347656,79.38099670410156,391705000,-0.49436915939011783,1
145,2024-02-28,77.43854522705078,77.66300201416016,78.93299865722656,77.125,77.62000274658203,393110000,-1.3189088223281908,1
146,2024-02-29,78.88335418701172,79.11199951171875,79.98999786376953,78.3499984741211,79.09400177001953,507289000,1.8657500482590184,1
147,2024-03-01,82.04120635986328,82.27899932861328,82.30000305175781,79.43499755859375,80.0,479135000,4.0031851507247085,1
148,2024-03-04,84.99066162109375,85.23699951171875,87.69499969482422,83.71900177001953,84.12999725341797,615616000,3.5950852674952127,1
149,2024-03-05,85.7195816040039,85.96399688720703,86.09700012207031,83.41699981689453,85.2699966430664,520639000,0.8529129129989377,1
150,2024-03-06,88.44780731201172,88.69999694824219,89.7239990234375,87.02999877929688,88.02200317382812,582520000,3.1827278396850733,1
151,2024-03-07,92.405517578125,92.66899871826172,92.76699829101562,89.60199737548828,90.15799713134766,608119000,4.474635745856337,1
152,2024-03-08,87.27913665771484,87.52799987792969,97.4000015258789,86.50599670410156,95.13800048828125,1142269000,-5.5477008616031664,1
153,2024-03-11,85.53012084960938,85.77400207519531,88.7969970703125,84.16600036621094,86.42900085449219,678364000,-2.003927663354099,1
154,2024-03-12,91.65167236328125,91.91300201416016,91.95999908447266,86.1500015258789,88.04900360107422,668075000,7.157180253269502,1
155,2024-03-13,90.62957000732422,90.88800048828125,91.50399780273438,88.43499755859375,91.05500030517578,635713000,-1.115186647609434,1
156,2024-03-14,87.69395446777344,87.94400024414062,90.64600372314453,86.5999984741211,89.5770034790039,602318000,-3.239151734359269,1
157,2024-03-15,87.5872573852539,87.83699798583984,89.5459976196289,86.25700378417969,86.93000030517578,642086000,-0.12167090194183938,1
158,2024-03-18,88.20349884033203,88.45500183105469,92.40499877929688,87.08499908447266,90.38800048828125,668976000,0.7035803356058246,1
159,2024-03-19,89.1438217163086,89.39800262451172,90.54399871826172,85.01000213623047,86.69999694824219,672171000,1.0660796720779242,1
160,2024-03-20,90.11505889892578,90.37200164794922,90.41000366210938,88.2229995727539,89.7969970703125,479063000,1.0895087080731392,1
161,2024-03-21,91.17501831054688,91.43499755859375,92.64800262451172,90.40499877929688,92.30000305175781,480372000,1.1762447342767768,1
162,2024-03-22,94.02091217041016,94.28900146484375,94.77799987792969,90.83399963378906,91.14099884033203,586719000,3.1213473860718155,1
163,2024-03-25,94.73188018798828,95.00199890136719,96.76599884033203,93.51000213623047,93.94100189208984,552136000,0.7561830387919466,1
164,2024-03-26,92.29781341552734,92.56099700927734,96.375,92.50199890136719,95.85099792480469,513648000,-2.569421612511691,1
165,2024-03-27,89.99339294433594,90.25,93.23999786376953,89.12300109863281,93.11199951171875,586067000,-2.4967287345075917,1
166,2024-03-28,90.0990982055664,90.35600280761719,91.30000305175781,89.19300079345703,90.0,435212000,0.11745463447887516,1
167,2024-04-01,90.10607147216797,90.36299896240234,92.2249984741211,89.2040023803711,90.29900360107422,452441000,0.0077428776924293174,1
168,2024-04-02,89.19766235351562,89.4520034790039,90.09400177001953,87.62000274658203,88.447998046875,433064000,-1.0081510063399746,1
169,2024-04-03,88.7110595703125,88.96399688720703,90.3740005493164,88.4000015258789,88.48400115966797,370067000,-0.5455513267642154,1
170,2024-04-04,85.6607437133789,85.90499877929688,90.63400268554688,85.87999725341797,90.40599822998047,434965000,-3.4384674867840137,1
171,2024-04-05,87.75777435302734,88.00800323486328,88.48100280761719,85.9260025024414,86.86599731445312,399678000,2.4480583033000824,1
172,2024-04-08,86.88525390625,87.13300323486328,88.83000183105469,86.73200225830078,88.69999694824219,283220000,-0.9942277609286565,0
173,2024-04-09,85.1113052368164,85.35399627685547,87.63500213623047,83.02200317382812,87.44200134277344,501700000,-2.041714266651151,1
174,2024-04-10,86.79151916503906,87.03900146484375,87.4000015258789,83.70899963378906,83.9260025024414,431929000,1.974137429397893,1
175,2024-04-11,90.35836029052734,90.61599731445312,90.73899841308594,86.9260025024414,87.41999816894531,431637000,4.109647157492002,1
176,2024-04-12,87.93526458740234,88.18599700927734,90.17500305175781,87.52999877929688,89.6989974975586,426805000,-2.6816460417505072,1
177,2024-04-15,85.7564697265625,86.0009994506836,90.61299896240234,85.92900085449219,89.0979995727539,443077000,-2.4777148670937943,1
178,2024-04-16,87.16645812988281,87.41500091552734,88.11799621582031,86.06400299072266,86.43299865722656,370453000,1.644168642080257,1
179,2024-04-17,83.79607391357422,84.03500366210938,88.7750015258789,83.94999694824219,88.33999633789062,495400000,-3.866610098973966,1
180,2024-04-18,84.43025207519531,84.6709976196289,86.19000244140625,82.4020004272461,84.97000122070312,447260000,0.7568202889319364,1
181,2024-04-19,75.98334503173828,76.19999694824219,84.3239974975586,75.60600280761719,83.1500015258789,875198000,-10.004607137666376,1
182,2024-04-22,79.29190826416016,79.51799774169922,80.072998046875,76.4000015258789,78.10399627685547,596341000,4.354331924331611,1
183,2024-04-23,82.18864440917969,82.4229965209961,82.76899719238281,80.26399993896484,80.76899719238281,438559000,3.6532594655278805,1
184,2024-04-24,79.4504623413086,79.677001953125,84.08200073242188,79.18299865722656,83.94999694824219,512208000,-3.33158788660588,1
185,2024-04-25,82.3970718383789,82.63200378417969,83.322998046875,78.2229995727539,78.86799621582031,424641000,3.708726180225952,1
186,2024-04-26,87.48554992675781,87.73500061035156,88.33100128173828,83.38700103759766,83.81800079345703,551011000,6.175569503917644,1
187,2024-04-29,87.50747680664062,87.75700378417969,87.99199676513672,85.26599884033203,87.59500122070312,388971000,0.02507912882550034,1
188,2024-04-30,86.15632629394531,86.4020004272461,88.81900024414062,86.30000305175781,87.23999786376953,363709000,-1.5440401318462804,1
189,2024-05-01,82.80488586425781,83.04100036621094,86.0,81.25499725341797,85.0770034790039,559863000,-3.889956302418307,1
190,2024-05-02,85.57301330566406,85.81700134277344,86.23699951171875,83.19999694824219,84.4489974975586,377898000,3.342928149131552,1
191,2024-05-03,88.53656005859375,88.78900146484375,89.28099822998047,87.04000091552734,87.78900146484375,398341000,3.4631833734197315,1
192,2024-05-06,91.87802124023438,92.13999938964844,92.22000122070312,89.05500030517578,89.38999938964844,376203000,3.77411376355159,1
193,2024-05-07,90.2965316772461,90.55400085449219,91.78099822998047,89.01100158691406,91.0979995727539,437342000,-1.7212921051250052,1
194,2024-05-08,90.15494537353516,90.41200256347656,91.19400024414062,89.41999816894531,89.48300170898438,325721000,-0.15681062092860465,0
195,2024-05-09,88.49465942382812,88.74700164794922,91.0719985961914,88.23100280761719,90.52899932861328,378013000,-1.8415706635392604,1
196,2024-05-10,89.62245178222656,89.87799835205078,91.4010009765625,89.22699737548828,90.30500030517578,335325000,1.2744055383280717,0
197,2024-05-13,90.14197540283203,90.39900207519531,90.99800109863281,88.52899932861328,90.47799682617188,289680000,0.5796788231795746,0
198,2024-05-14,91.09626007080078,91.35600280761719,91.6510009765625,88.93399810791016,89.5989990234375,296507000,1.0586408151119109,0
199,2024-05-15,94.3609390258789,94.62999725341797,94.86199951171875,91.5989990234375,92.47200012207031,417735000,3.5837759371930344,1
200,2024-05-16,94.09071350097656,94.35900115966797,95.81900024414062,94.10299682617188,94.91000366210938,323952000,-0.28637440728680463,0
201,2024-05-17,92.21604919433594,92.47899627685547,94.73999786376953,91.80599975585938,94.36900329589844,359691000,-1.9923959131691982,1
202,2024-05-20,94.51050567626953,94.77999877929688,95.19999694824219,93.44000244140625,93.75,318764000,2.488135247005574,0
203,2024-05-21,95.11479187011719,95.38600158691406,95.4000015258789,93.18000030517578,93.5989990234375,328946000,0.6393783661343022,0
204,2024-05-22,94.68001556396484,94.94999694824219,96.0199966430664,93.2490005493164,95.45899963378906,548648000,-0.4570949944626812,1
205,2024-05-23,103.5038833618164,103.79900360107422,106.31999969482422,101.5199966430664,102.02799987792969,835065000,9.319649223007008,1
206,2024-05-24,106.16629028320312,106.46900177001953,106.4749984741211,103.0,104.4489974975586,429494000,2.572277263090883,1
207,2024-05-28,113.57715606689453,113.9010009765625,114.93900299072266,109.88300323486328,110.24400329589844,652728000,6.98043475846295,1
208,2024-05-29,114.49852752685547,114.82499694824219,115.49199676513672,110.9010009765625,113.05000305175781,557442000,0.8112272620587557,1
209,2024-05-30,110.1858139038086,110.5,115.81900024414062,109.66300201416016,114.6500015258789,484553000,-3.7665987922400723,1
210,2024-05-31,109.32128143310547,109.63300323486328,112.71700286865234,106.94000244140625,112.5199966430664,613263000,-0.7846124571373014,1
211,2024-06-03,114.67301940917969,115.0,115.0,112.00299835205078,113.62100219726562,438392000,4.895420728044075,1
212,2024-06-04,116.10592651367188,116.43699645996094,116.5999984741211,114.04499816894531,115.71600341796875,403324000,1.2495621390964606,1
213,2024-06-05,122.09187316894531,122.44000244140625,122.4489974975586,117.46800231933594,118.37100219726562,528402000,5.155582988186724,1
214,2024-06-06,120.6539535522461,120.99800109863281,125.58699798583984,118.31999969482422,124.0479965209961,664696000,-1.1777207726400563,1
215,2024-06-07,120.5442886352539,120.88800048828125,121.69200134277344,118.02200317382812,119.7699966430664,412386000,-0.09091109716919954,1
216,2024-06-10,121.44371032714844,121.79000091552734,123.0999984741211,117.01000213623047,120.37000274658203,313434100,0.7461455426533758,0
217,2024-06-11,120.57612609863281,120.91000366210938,122.87000274658203,118.73999786376953,121.7699966430664,222551200,-0.7225529573879674,0
218,2024-06-12,124.85427856445312,125.19999694824219,126.87999725341797,122.56999969482422,123.05999755859375,299595000,3.548087963111368,0
219,2024-06-13,129.25210571289062,129.61000061035156,129.8000030517578,127.16000366210938,129.38999938964844,260704500,3.5223672281178064,0
220,2024-06-14,131.51583862304688,131.8800048828125,132.83999633789062,128.32000732421875,129.9600067138672,309320400,1.7514113585149094,0
221,2024-06-17,130.6183319091797,130.97999572753906,133.72999572753906,129.5800018310547,132.99000549316406,288504400,-0.682445497384665,0
222,2024-06-18,135.2056427001953,135.5800018310547,136.3300018310547,130.69000244140625,131.13999938964844,294335100,3.511991337275977,0
223,2024-06-20,130.41885375976562,130.77999877929688,140.75999450683594,129.52000427246094,139.8000030517578,517768400,-3.540347386732645,1
224,2024-06-21,126.22049713134766,126.56999969482422,130.6300048828125,124.30000305175781,127.12000274658203,649445800,-3.2191459885065554,1
225,2024-06-24,117.78384399414062,118.11000061035156,124.45999908447266,118.04000091552734,123.23999786376953,476060900,-6.684047645469504,1
226,2024-06-25,125.74181365966797,126.08999633789062,126.5,119.31999969482422,121.19999694824219,414192600,6.756409860554746,1
227,2024-06-26,126.05096435546875,126.4000015258789,128.1199951171875,122.5999984741211,126.12999725341797,362975900,0.24586025615984664,1
228,2024-06-27,123.64761352539062,123.98999786376953,126.41000366210938,122.91999816894531,124.0999984741211,252571700,-1.9066484438419518,0
229,2024-06-28,123.19886779785156,123.54000091552734,127.70999908447266,122.75,124.58000183105469,315516700,-0.3629300395154522,0
230,2024-07-01,123.95677185058594,124.30000305175781,124.83999633789062,118.83000183105469,123.47000122070312,284885500,0.6151870896861533,0
231,2024-07-02,122.33125305175781,122.66999816894531,123.41000366210938,121.02999877929688,121.12999725341797,218374000,-1.3113474197854802,0
232,2024-07-03,127.92579650878906,128.27999877929688,128.27999877929688,121.36000061035156,121.66000366210938,215749000,4.57324585806651,0
233,2024-07-05,125.4825439453125,125.83000183105469,128.85000610351562,125.68000030517578,127.37999725341797,214176700,-1.9098822665701398,0
234,2024-07-08,127.84598541259766,128.1999969482422,130.77000427246094,127.04000091552734,127.48999786376953,237677300,1.8834896945877588,0
235,2024-07-09,131.0172119140625,131.3800048828125,133.82000732421875,128.64999389648438,130.35000610351562,285366600,2.4805054682287997,0
236,2024-07-10,134.5374755859375,134.91000366210938,135.10000610351562,132.4199981689453,134.02999877929688,248978600,2.6868615071566904,0
237,2024-07-11,127.04821014404297,127.4000015258789,136.14999389648438,127.05000305175781,135.75,374782700,-5.566675511357733,1
238,2024-07-12,128.88311767578125,129.24000549316406,131.9199981689453,127.22000122070312,128.25999450683594,252680500,1.4442731124389985,0
239,2024-07-15,128.08534240722656,128.44000244140625,131.38999938964844,127.18000030517578,130.55999755859375,208326200,-0.6190057395193516,0
240,2024-07-16,126.01107025146484,126.36000061035156,129.0399932861328,124.58000183105469,128.44000244140625,214769500,-1.619434593209057,0
241,2024-07-17,117.6641845703125,117.98999786376953,121.8499984741211,116.72000122070312,121.3499984741211,390086200,-6.62393376555298,1
242,2024-07-18,120.75562286376953,121.08999633789062,122.4000015258789,116.55999755859375,121.8499984741211,320979500,2.6273400544513326,0
243,2024-07-19,117.6043472290039,117.93000030517578,121.5999984741211,117.37000274658203,120.3499984741211,217223800,-2.609626004031884,0
244,2024-07-22,123.19886779785156,123.54000091552734,124.06999969482422,119.86000061035156,120.3499984741211,258068900,4.757059777693695,0
245,2024-07-23,122.25147247314453,122.58999633789062,124.69000244140625,122.0999984741211,122.77999877929688,173911000,-0.7689854060194623,0
246,2024-07-24,113.93452453613281,114.25,119.94999694824219,113.44000244140625,119.16999816894531,327776900,-6.8031622375641305,0
247,2024-07-25,111.9699478149414,112.27999877929688,116.62999725341797,106.30000305175781,113.04000091552734,460067000,-1.724289908711707,1
248,2024-07-26,112.74779510498047,113.05999755859375,116.19999694824219,111.58000183105469,116.19000244140625,293399100,0.6946907621811382,0
249,2024-07-29,111.2818603515625,111.58999633789062,116.27999877929688,111.30000305175781,113.69000244140625,248152100,-1.300195694716244,0
250,2024-07-30,103.44356536865234,103.7300033569336,111.98999786376953,102.54000091552734,111.5199966430664,486833300,-7.043635844522522,1
251,2024-07-31,116.69686126708984,117.0199966430664,118.33999633789062,110.87999725341797,112.9000015258789,473174200,12.812101471164627,1
252,2024-08-01,108.90843200683594,109.20999908447266,120.16000366210938,106.80999755859375,117.52999877929688,523462300,-6.674070913209606,1
253,2024-08-02,106.9737777709961,107.2699966430664,108.72000122070312,101.37000274658203,103.76000213623047,482027500,-1.776396353511256,1
254,2024-08-05,100.172607421875,100.44999694824219,103.41000366210938,90.69000244140625,92.05999755859375,552842400,-6.357788671810349,1
255,2024-08-06,103.9621353149414,104.25,107.70999908447266,100.55000305175781,103.83999633789062,409012100,3.7829797582928704,1
256,2024-08-07,98.63687133789062,98.91000366210938,108.80000305175781,98.69000244140625,107.80999755859375,411440400,-5.122298645458634,1
257,2024-08-08,104.68013763427734,104.97000122070312,105.5,97.5199966430664,102.0,391910000,6.126779227807488,1
258,2024-08-09,104.46074676513672,104.75,106.5999984741211,103.43000030517578,105.63999938964844,290844200,-0.20958485104765057,0
259,2024-08-12,108.71895599365234,109.0199966430664,111.06999969482422,106.26000213623047,106.31999969482422,325559900,4.076369110325917,0
260,2024-08-13,115.81930541992188,116.13999938964844,116.2300033569336,111.58000183105469,112.44000244140625,312646700,6.530914479747296,0
261,2024-08-14,117.75394439697266,118.08000183105469,118.5999984741211,114.06999969482422,118.52999877929688,339246400,1.6703999066657094,0
262,2024-08-15,122.52073669433594,122.86000061035156,123.23999786376953,117.47000122070312,118.76000213623047,318086700,4.048101884463007,0
263,2024-08-16,124.23599243164062,124.58000183105469,125.0,121.18000030517578,121.94000244140625,302589900,1.399968429235221,0
264,2024-08-19,129.64100646972656,130.0,130.0,123.41999816894531,124.27999877929688,318333600,4.350616543011032,0
265,2024-08-20,126.89862060546875,127.25,129.8800048828125,125.88999938964844,128.39999389648438,300087400,-2.115384615384619,0
266,2024-08-21,128.14517211914062,128.5,129.35000610351562,126.66000366210938,127.31999969482422,257883600,0.982318271119853,0
267,2024-08-22,123.39830017089844,123.73999786376953,130.75,123.0999984741211,130.02000427246094,376189100,-3.704281818078181,1
268,2024-08-23,129.01278686523438,129.3699951171875,129.60000610351562,125.22000122070312,125.86000061035156,323230300,4.5498604740694,0
269,2024-08-26,126.11080169677734,126.45999908447266,131.25999450683594,124.37000274658203,129.57000732421875,331964700,-2.249359312473398,0
270,2024-08-27,127.94574737548828,128.3000030517578,129.1999969482422,123.87999725341797,125.05000305175781,303134600,1.4550086830667164,0
271,2024-08-28,125.26314544677734,125.61000061035156,128.3300018310547,122.63999938964844,128.1199951171875,448101100,-2.0966503331422914,1
272,2024-08-29,117.2652816772461,117.58999633789062,124.43000030517578,116.70999908447266,121.36000061035156,453023300,-6.384845341526102,1
273,2024-08-30,119.04036712646484,119.37000274658203,121.75,117.22000122070312,119.52999877929688,333751600,1.5137396582415308,0
274,2024-09-03,107.70177459716797,108.0,116.20999908447266,107.29000091552734,116.01000213623047,477155100,-9.52500836472302,1
275,2024-09-04,105.9167251586914,106.20999908447266,113.2699966430664,104.12000274658203,105.41000366210938,372470300,-1.6574082551179092,1
276,2024-09-05,106.9139633178711,107.20999908447266,109.6500015258789,104.76000213623047,104.98999786376953,306850700,0.9415309374070091,0
277,2024-09-06,102.54606628417969,102.83000183105469,108.1500015258789,100.94999694824219,108.04000091552734,413638100,-4.085437264081026,1
278,2024-09-09,106.1760025024414,106.47000122070312,106.55000305175781,103.69000244140625,104.87999725341797,273912000,3.539822352263311,0
279,2024-09-10,107.80149841308594,108.0999984741211,109.4000015258789,104.94999694824219,107.80999755859375,268283700,1.5309450875642616,0
280,2024-09-11,116.5871810913086,116.91000366210938,117.19000244140625,107.41999816894531,109.38999938964844,441422400,8.149866153881003,1
281,2024-09-12,118.82117462158203,119.13999938964844,120.79000091552734,115.37999725341797,116.83999633789062,366052700,1.9074464611122055,1
282,2024-09-13,118.78128051757812,119.0999984741211,119.95999908447266,117.5999984741211,119.08000183105469,238358300,-0.03357471523608435,0
283,2024-09-16,116.46749114990234,116.77999877929688,118.18000030517578,114.36000061035156,116.79000091552734,248772300,-1.9479426738433836,0
284,2024-09-17,115.28067016601562,115.58999633789062,118.80000305175781,114.83000183105469,118.16999816894531,231925900,-1.0190122057247453,0
285,2024-09-18,113.06661987304688,113.37000274658203,117.69999694824219,113.22000122070312,115.88999938964844,310318900,-1.9205758816871588,0
286,2024-09-19,117.55458068847656,117.87000274658203,119.66000366210938,117.25,117.3499984741211,293506400,3.969303952526948,0
287,2024-09-20,115.68959045410156,116.0,118.62000274658203,115.38999938964844,117.05999755859375,382462400,-1.5864958878490043,1
288,2024-09-23,115.9488754272461,116.26000213623047,116.98999786376953,114.86000061035156,116.55000305175781,206228500,0.22413977261246387,0
289,2024-09-24,120.54654693603516,120.87000274658203,121.80000305175781,115.37999725341797,116.5199966430664,354966800,3.965250753177929,1
290,2024-09-25,123.17947387695312,123.51000213623047,124.94000244140625,121.61000061035156,122.0199966430664,284692900,2.1841642505655345,0
291,2024-09-26,123.70806121826172,124.04000091552734,127.66999816894531,121.80000305175781,126.80000305175781,302582900,0.4291140556473172,0
292,2024-09-27,121.07513427734375,121.4000015258789,124.02999877929688,119.26000213623047,123.97000122070312,271009200,-2.128345187167735,0
293,2024-09-30,121.11502838134766,121.44000244140625,121.5,118.1500015258789,118.30999755859375,226553700,0.032949682886807,0
294,2024-10-01,116.68689727783203,117.0,122.44000244140625,115.79000091552734,121.7699966430664,302094500,-3.6561284190919863,0
295,2024-10-02,118.53195190429688,118.8499984741211,119.37999725341797,115.13999938964844,116.44000244140625,221845900,1.5811952770265814,0
296,2024-10-03,122.521240234375,122.8499984741211,124.36000061035156,120.33999633789062,120.91999816894531,277118000,3.3655869174209263,0
297,2024-10-04,124.58570861816406,124.91999816894531,125.04000091552734,121.83000183105469,124.94000244140625,243678100,1.6849814574969368,0
298,2024-10-07,127.37820434570312,127.72000122070312,130.63999938964844,124.94999694824219,124.98999786376953,346250200,2.241436993915902,0
299,2024-10-08,132.53439331054688,132.88999938964844,133.47999572753906,129.4199981689453,130.25999450683594,285722500,4.047915846799466,0
300,2024-10-09,132.2949981689453,132.64999389648438,134.52000427246094,131.3800048828125,134.11000061035156,246191600,-0.18060463109819125,0
301,2024-10-10,134.44923400878906,134.80999755859375,135.0,131.0,131.91000366210938,242311300,1.6283481051608373,0
302,2024-10-11,134.4392852783203,134.8000030517578,135.77999877929688,133.66000366210938,134.00999450683594,170209500,-0.00741377272972521,0
303,2024-10-14,137.7005157470703,138.07000732421875,139.60000610351562,136.3000030517578,136.47000122070312,232347700,2.425819138301799,0
304,2024-10-15,131.24783325195312,131.60000610351562,138.57000732421875,128.74000549316406,137.8699951171875,377831000,-4.6860294614964,1
305,2024-10-16,135.35678100585938,135.72000122070312,136.6199951171875,131.5800018310547,133.97999572753906,264879700,3.1306952326026094,0
306,2024-10-17,136.56356811523438,136.92999267578125,140.88999938964844,136.8699951171875,139.33999633789062,306435900,0.8915351047709352,0
307,2024-10-18,137.63070678710938,138.0,138.89999389648438,137.27999877929688,138.6699981689453,176090200,0.7814265547740673,0
308,2024-10-21,143.325439453125,143.7100067138672,143.7100067138672,138.0,138.1300048828125,264554500,4.1376860245414315,0
309,2024-10-22,143.2057342529297,143.58999633789062,144.4199981689453,141.77999877929688,142.91000366210938,226311600,-0.08350871224681589,0
310,2024-10-23,139.18653869628906,139.55999755859375,142.42999267578125,137.4600067138672,142.02999877929688,285930000,-2.8066013525159694,0
311,2024-10-24,140.03427124023438,140.41000366210938,141.35000610351562,138.4600067138672,140.82000732421875,172354900,0.6090614204537825,0
312,2024-10-25,141.16123962402344,141.5399932861328,144.1300048828125,140.8000030517578,140.92999267578125,205122100,0.8047785731440493,0
313,2024-10-28,140.14395141601562,140.52000427246094,143.13999938964844,140.0500030517578,143.0,173586700,-0.7206366130100728,0
314,2024-10-29,140.87200927734375,141.25,142.25999450683594,138.89999389648438,140.2899932861328,157593600,0.5194959474407845,0
315,2024-10-30,138.96710205078125,139.33999633789062,140.3300018310547,136.80999755859375,139.5399932861328,179418100,-1.3522149820243357,0
316,2024-10-31,132.40472412109375,132.75999450683594,137.61000061035156,132.11000061035156,137.60000610351562,270039600,-4.722263530923742,0
317,2024-11-01,135.03765869140625,135.39999389648438,137.30999755859375,134.57000732421875,134.6999969482422,207127800,1.9885503908427138,0
318,2024-11-04,135.6859130859375,136.0500030517578,138.9600067138672,135.57000732421875,137.2100067138672,187528200,0.4800658674847469,0
319,2024-11-05,139.5355987548828,139.91000366210938,140.3699951171875,137.3300018310547,137.4499969482422,160537400,2.837192593728277,0
320,2024-11-06,145.22032165527344,145.61000061035156,146.49000549316406,141.9600067138672,142.9600067138672,242043900,4.074045314163532,0
321,2024-11-07,148.4816131591797,148.8800048828125,148.92999267578125,146.1699981689453,146.38999938964844,207323300,2.245727806300457,0
322,2024-11-08,147.23492431640625,147.6300048828125,149.77000427246094,146.25999450683594,148.77000427246094,175665800,-0.8396023367838512,0
323,2024-11-11,144.8712615966797,145.25999450683594,148.85000610351562,143.57000732421875,148.67999267578125,182325600,-1.6053717385282607,0
324,2024-11-12,147.89317321777344,148.2899932861328,149.64999389648438,146.00999450683594,146.77999877929688,198634700,2.0859141497174383,0
325,2024-11-13,145.87857055664062,146.27000427246094,149.3300018310547,145.89999389648438,149.07000732421875,191903300,-1.3621883506152788,0
326,2024-11-14,146.3672332763672,146.75999450683594,149.0,145.5500030517578,147.63999938964844,194463300,0.3349902372753677,0
327,2024-11-15,141.6000518798828,141.97999572753906,145.24000549316406,140.0800018310547,144.8699951171875,250132900,-3.2570175512470656,0
328,2024-11-18,139.7749481201172,140.14999389648438,141.5500030517578,137.14999389648438,139.5,221205300,-1.2889152599824594,0
329,2024-11-19,146.6165771484375,147.00999450683594,147.1300048828125,140.99000549316406,141.32000732421875,227834900,4.894756267644507,0
330,2024-11-20,145.4995880126953,145.88999938964844,147.55999755859375,142.72999572753906,147.41000366210938,309871700,-0.7618496422264864,0
331,2024-11-21,146.27752685546875,146.6699981689453,152.88999938964844,140.6999969482422,149.35000610351562,400946600,0.5346485588869188,1
332,2024-11-22,141.57012939453125,141.9499969482422,147.16000366210938,141.10000610351562,145.92999267578125,236406200,-3.2181095518023284,0
333,2024-11-25,135.65599060058594,136.02000427246094,142.0500030517578,135.82000732421875,141.99000549316406,344941900,-4.177522228438968,0
334,2024-11-26,136.55361938476562,136.9199981689453,139.3000030517578,135.6699981689453,137.6999969482422,190287700,0.6616628938502345,0
335,2024-11-27,134.9778289794922,135.33999633789062,137.22000122070312,131.8000030517578,135.00999450683594,226370900,-1.153959868670995,0
336,2024-11-29,137.88003540039062,138.25,139.35000610351562,136.0500030517578,136.77999877929688,141863200,2.1501431512117364,0
337,2024-12-02,138.25901794433594,138.6300048828125,140.4499969482422,137.82000732421875,138.8300018310547,171682800,0.27486790800181904,0
338,2024-12-03,139.8846435546875,140.25999450683594,140.5399932861328,137.9499969482422,138.25999450683594,164414000,1.1757841496155885,0
339,2024-12-04,144.75157165527344,145.13999938964844,145.7899932861328,140.2899932861328,142.0,231224300,3.479256433718647,0
340,2024-12-05,144.68177795410156,145.05999755859375,146.5399932861328,143.9499969482422,145.11000061035156,172621200,-0.05512045706980162,0
341,2024-12-06,142.068603515625,142.44000244140625,145.6999969482422,141.30999755859375,144.60000610351562,188505600,-1.8061458439837752,0
342,2024-12-09,138.44805908203125,138.80999755859375,139.9499969482422,137.1300048828125,138.97000122070312,189308600,-2.548444833329544,0
343,2024-12-10,134.7178497314453,135.07000732421875,141.82000732421875,133.7899932861328,139.00999450683594,210020900,-2.6943233917976928,0
344,2024-12-11,138.94676208496094,139.30999755859375,140.1699981689453,135.2100067138672,137.36000061035156,184905200,3.139105652224794,0
345,2024-12-12,136.98191833496094,137.33999633789062,138.44000244140625,135.8000030517578,137.0800018310547,159211400,-1.4141133122011151,0
346,2024-12-13,133.89996337890625,134.25,139.60000610351562,132.5399932861328,138.94000244140625,231514900,-2.249888175538073,0
347,2024-12-16,131.65582275390625,132.0,134.39999389648438,130.4199981689453,134.17999267578125,237951100,-1.6759776536312887,0
348,2024-12-17,130.05003356933594,130.38999938964844,131.58999633789062,126.86000061035156,129.08999633789062,259410300,-1.219697432084521,0
349,2024-12-18,128.57386779785156,128.91000366210938,136.6999969482422,128.27999877929688,133.86000061035156,277444500,-1.1350530979882478,0
350,2024-12-19,130.33926391601562,130.67999267578125,134.02999877929688,129.5500030517578,131.75999450683594,209719200,1.3730424043049805,0
351,2024-12-20,134.34878540039062,134.6999969482422,135.27999877929688,128.22000122070312,129.80999755859375,306528600,3.076220154400078,0
352,2024-12-23,139.3058319091797,139.6699981689453,139.7899932861328,135.1199951171875,136.27999877929688,176053500,3.6896817619177957,0
353,2024-12-24,139.85440063476562,140.22000122070312,141.89999389648438,138.64999389648438,140.0,105157000,0.3937875413247527,0
354,2024-12-26,139.56515502929688,139.92999267578125,140.85000610351562,137.72999572753906,139.6999969482422,116205600,-0.20682394979116836,0
355,2024-12-27,136.6527557373047,137.00999450683594,139.02000427246094,134.7100067138672,138.5500030517578,170582600,-2.086756465221129,0
356,2024-12-30,137.13153076171875,137.49000549316406,140.27000427246094,134.02000427246094,134.8300018310547,167734700,0.3503474239641591,0
357,2024-12-31,133.93984985351562,134.2899932861328,138.07000732421875,133.8300018310547,138.02999877929688,155659200,-2.32745078127905,0
358,2025-01-02,137.94937133789062,138.30999755859375,138.8800048828125,134.6300048828125,136.0,198247200,2.9935248145373627,0
359,2025-01-03,144.09332275390625,144.47000122070312,144.89999389648438,139.72999572753906,140.00999450683594,229322500,4.453766011744564,0
360,2025-01-06,149.04037475585938,149.42999267578125,152.16000366210938,147.82000732421875,148.58999633789062,265377400,3.433232791007512,0
361,2025-01-07,139.7746124267578,140.13999938964844,153.1300048828125,140.00999450683594,153.02999877929688,351782200,-6.216953584605567,1
362,2025-01-08,139.74468994140625,140.11000061035156,143.9499969482422,137.55999755859375,142.5800018310547,227349900,-0.02140629329779875,0
363,2025-01-10,135.55564880371094,135.91000366210938,139.9199981689453,134.22000122070312,137.4499969482422,207602500,-2.9976425165555876,0
364,2025-01-13,132.88262939453125,133.22999572753906,133.49000549316406,129.50999450683594,129.99000549316406,204808900,-1.9718989495675188,0
365,2025-01-14,131.41644287109375,131.75999450683594,136.3800048828125,130.0500030517578,136.0500030517578,195590500,-1.1033560518228458,0
366,2025-01-15,135.88478088378906,136.24000549316406,136.4499969482422,131.2899932861328,133.64999389648438,185217300,3.4001299127981444,0
367,2025-01-16,133.22174072265625,133.57000732421875,138.75,133.49000549316406,138.63999938964844,209235600,-1.9597754413473556,0
368,2025-01-17,137.3509521484375,137.7100067138672,138.5,135.4600067138672,136.69000244140625,201188800,3.0994977634457133,0
369,2025-01-21,140.46279907226562,140.8300018310547,141.8300018310547,137.08999633789062,139.16000366210938,197749000,2.265627016975036,0
370,2025-01-22,146.68655395507812,147.07000732421875,147.7899932861328,143.6699981689453,144.66000366210938,237651400,4.4308779464831805,0
371,2025-01-23,146.83616638183594,147.22000122070312,147.22999572753906,143.72000122070312,145.0500030517578,155915500,0.10198809343477944,0
372,2025-01-24,142.24813842773438,142.6199951171875,148.97000122070312,141.8800048828125,148.3699951171875,234657600,-3.1245795852287594,0
373,2025-01-27,118.11123657226562,118.41999816894531,128.39999389648438,116.69999694824219,124.80000305175781,818830900,-16.96816559862986,1
374,2025-01-28,128.6536865234375,128.99000549316406,129.0,116.25,121.80999755859375,579666400,8.925863441695814,1
375,2025-01-29,123.37747192382812,123.69999694824219,126.88999938964844,120.05000305175781,126.5,467120600,-4.101099557827547,1
376,2025-01-30,124.32499694824219,124.6500015258789,125.0,118.0999984741211,123.0999984741211,392925500,0.7679907850233869,1
377,2025-01-31,119.7569351196289,120.06999969482422,127.8499984741211,119.19000244140625,123.77999877929688,388161100,-3.6742894303966933,1
378,2025-02-03,116.35584259033203,116.66000366210938,118.56999969482422,113.01000213623047,114.75,371235700,-2.8400066972448235,1
379,2025-02-04,118.34063720703125,118.6500015258789,121.19999694824219,116.69999694824219,116.95999908447266,256550000,1.7058098759651141,0
380,2025-02-05,124.50452423095703,124.83000183105469,125.0,120.76000213623047,121.76000213623047,262230800,5.208596903243912,0
381,2025-02-06,128.34446716308594,128.67999267578125,128.77000427246094,125.20999908447266,127.41999816894531,251483600,3.084187125092863,0
382,2025-02-07,129.50144958496094,129.83999633789062,130.3699951171875,125.0,129.22000122070312,228186300,0.9014638857122836,0
383,2025-02-10,133.22174072265625,133.57000732421875,135.0,129.9600067138672,130.08999633789062,216989100,2.87277502428549,0
384,2025-02-11,132.45375061035156,132.8000030517578,134.47999572753906,131.02000427246094,132.5800018310547,178902400,-0.5764799208192617,0
385,2025-02-12,130.79806518554688,131.13999938964844,132.24000549316406,129.0800018310547,130.02000427246094,160278600,-1.2500027288872895,0
386,2025-02-13,134.937255859375,135.2899932861328,136.5,131.1699981689453,131.55999755859375,197430000,3.1645523225554806,0
387,2025-02-14,138.48797607421875,138.85000610351562,139.25,135.5,136.47999572753906,195479600,2.6313940380302325,0
388,2025-02-18,139.03652954101562,139.39999389648438,143.44000244140625,137.92999267578125,141.27000427246094,219176600,0.3961021021192668,0
389,2025-02-19,138.86697387695312,139.22999572753906,141.36000061035156,137.22000122070312,139.50999450683594,167536000,-0.12194991132606914,0
390,2025-02-20,139.74468994140625,140.11000061035156,140.66000366210938,136.7899932861328,140.02999877929688,143903600,0.6320512172783399,0
391,2025-02-21,134.07949829101562,134.42999267578125,141.4600067138672,134.02999877929688,140.0399932861328,228217600,-4.053963250179782,0
392,2025-02-24,129.94032287597656,130.27999877929688,138.58999633789062,130.0800018310547,136.55999755859375,251381100,-3.0871041602251292,0
393,2025-02-25,126.2998275756836,126.62999725341797,130.1999969482422,124.44000244140625,129.97999572753906,271428700,-2.8016591649361766,0
394,2025-02-26,130.93771362304688,131.27999877929688,133.72999572753906,128.49000549316406,129.99000549316406,322553800,3.672116897051736,0
395,2025-02-27,119.83673095703125,120.1500015258789,135.00999450683594,120.01000213623047,135.0,443175800,-8.47806014389847,1
396,2025-02-28,124.59429931640625,124.91999816894531,125.08999633789062,116.4000015258789,118.0199966430664,389091100,3.9700346088127114,1
397,2025-03-03,113.76260375976562,114.05999755859375,123.69999694824219,112.27999877929688,123.51000213623047,411381400,-8.693564496906403,1
398,2025-03-04,115.68757629394531,115.98999786376953,119.30999755859375,110.11000061035156,110.6500015258789,398163300,1.6920921852416448,1
399,2025-03-05,116.9941635131836,117.30000305175781,118.27999877929688,114.51000213623047,117.58000183105469,284337900,1.129412201151081,0
400,2025-03-06,110.28170776367188,110.56999969482422,115.3499984741211,110.22000122070312,113.52999877929688,321181900,-5.7374281175116675,0
401,2025-03-07,112.39618682861328,112.69000244140625,113.4800033569336,107.55999755859375,111.25,341755500,1.9173399226130927,0
402,2025-03-10,106.70106506347656,106.9800033569336,111.8499984741211,105.45999908447266,109.9000015258789,366487400,-5.066997036797116,1
403,2025-03-11,108.47642517089844,108.76000213623047,112.23999786376953,104.7699966430664,106.98999786376953,354865700,1.663861210919948,1
404,2025-03-12,115.44884490966797,115.73999786376953,116.76000213623047,112.87999725341797,114.12000274658203,323857500,6.417796607613213,0
405,2025-03-13,115.28925323486328,115.58000183105469,117.76000213623047,113.79000091552734,117.02999877929688,299033100,-0.13823745953681632,0
406,2025-03-14,121.36392211914062,121.66999816894531,121.87999725341797,118.1500015258789,118.61000061035156,277593500,5.2690744431657555,0
407,2025-03-17,119.22930908203125,119.52999877929688,122.88999938964844,118.02999877929688,122.73999786376953,255501500,-1.758855446580132,0
408,2025-03-18,115.13963317871094,115.43000030517578,119.0199966430664,114.54000091552734,118.0,299686900,-3.4300999882811323,0
409,2025-03-19,117.22434997558594,117.5199966430664,120.44999694824219,115.68000030517578,117.2699966430664,273426200,1.8106179783115905,0
410,2025-03-20,118.23181915283203,118.52999877929688,120.19999694824219,116.47000122070312,116.55000305175781,248829700,0.8594300247455555,0
411,2025-03-21,117.4039077758789,117.69999694824219,117.98999786376953,115.41999816894531,116.94000244140625,266498500,-0.70024621581255,0
412,2025-03-24,121.10458374023438,121.41000366210938,122.22000122070312,119.33999633789062,119.87999725341797,228452500,3.152087349244903,0
413,2025-03-25,120.38639068603516,120.69000244140625,121.29000091552734,118.91999816894531,120.55000305175781,167447200,-0.5930328630142645,0
414,2025-03-26,113.47382354736328,113.76000213623047,118.83999633789062,112.70999908447266,118.7300033569336,293463300,-5.741983731038724,0
415,2025-03-27,111.14968872070312,111.43000030517578,114.44999694824219,110.66000366210938,111.3499984741211,236902100,-2.0481731604263254,0
416,2025-03-28,109.39411163330078,109.66999816894531,112.87000274658203,109.06999969482422,111.48999786376953,229872500,-1.5794688426907566,0
417,2025-03-31,108.10735321044922,108.37999725341797,110.95999908447266,103.6500015258789,105.12999725341797,299212700,-1.1762568952906505,0
418,2025-04-01,109.87290954589844,110.1500015258789,110.19999694824219,106.47000122070312,108.5199966430664,222614000,1.6331466297440977,0
419,2025-04-02,110.14221954345703,110.41999816894531,111.9800033569336,106.79000091552734,107.29000091552734,220601200,0.2451172395153911,0
420,2025-04-03,101.5439224243164,101.80000305175781,105.62999725341797,101.5999984741211,103.51000213623047,338769400,-7.806552490608354,0
421,2025-04-04,94.07276153564453,94.30999755859375,100.12999725341797,92.11000061035156,98.91000366210938,532273800,-7.357569026158028,1
422,2025-04-07,97.39437103271484,97.63999938964844,101.75,86.62000274658203,87.45999908447266,611041300,3.530910738265902,1
423,2025-04-08,96.05775451660156,96.30000305175781,105.8499984741211,94.45999908447266,103.80999755859375,476243400,-1.3723846233787307,1
424,2025-04-09,114.04239654541016,114.33000183105469,115.0999984741211,97.52999877929688,98.88999938964844,612918300,18.722739572091605,1
425,2025-04-10,107.29940032958984,107.56999969482422,110.86000061035156,99.1500015258789,109.37000274658203,437812400,-5.912710599112659,1
426,2025-04-11,110.65094757080078,110.93000030517578,111.55000305175781,107.4800033569336,108.5,313417300,3.123548033730472,0
427,2025-04-14,110.43150329589844,110.70999908447266,114.29000091552734,109.06999969482422,114.11000061035156,264705000,-0.19832436680599086,0
428,2025-04-15,111.9177474975586,112.19999694824219,113.62000274658203,110.5,110.97000122070312,228966900,1.3458566309197062,0
429,2025-04-16,104.22714233398438,104.48999786376953,106.79000091552734,100.44999694824219,104.55000305175781,397016900,-6.871657124936714,1
430,2025-04-17,101.23468780517578,101.48999786376953,104.47000122070312,100.05000305175781,104.44999694824219,292517500,-2.871088201103511,0
431,2025-04-21,96.66622161865234,96.91000366210938,99.44000244140625,95.04000091552734,98.7699966430664,288501100,-4.51275425959502,0
432,2025-04-22,98.64122772216797,98.88999938964844,99.80999755859375,97.27999877929688,98.77999877929688,241004800,2.0431283177354986,0
433,2025-04-23,102.45161437988281,102.70999908447266,104.80000305175781,102.0199966430664,104.5199966430664,247526000,3.86287766043214,0
434,2025-04-24,106.16226196289062,106.43000030517578,106.54000091552734,103.11000061035156,103.4800033569336,220815000,3.6218491421109444,0
435,2025-04-25,110.73074340820312,111.01000213623047,111.91999816894531,105.7300033569336,106.8499984741211,251064700,4.30329965040126,0
436,2025-04-28,108.45648193359375,108.7300033569336,110.37000274658203,106.0199966430664,109.69000244140625,207708500,-2.053867881651672,0
437,2025-04-29,108.7457504272461,109.0199966430664,110.19999694824219,107.44000244140625,107.66999816894531,170444300,0.2667095347921977,0
438,2025-04-30,108.64599609375,108.91999816894531,108.91999816894531,104.08000183105469,104.47000122070312,235044600,-0.09172489194665401,0
439,2025-05-01,111.32923126220703,111.61000061035156,114.94000244140625,111.30000305175781,113.08000183105469,236121500,2.469704816955476,0
440,2025-05-02,114.21196746826172,114.5,115.4000015258789,113.37000274658203,114.18000030517578,190194800,2.589373151011709,0
441,2025-05-05,113.5336685180664,113.81999969482422,114.66999816894531,112.66000366210938,112.91000366210938,133163200,-0.5938867294111638,0
442,2025-05-06,113.25437927246094,113.54000091552734,114.73999786376953,110.81999969482422,111.4800033569336,158525600,-0.24600138819856898,0
443,2025-05-07,116.7655258178711,117.05999755859375,117.68000030517578,112.27999877929688,113.05000305175781,206758800,3.1002260125796877,0
444,2025-05-08,117.07474517822266,117.37000274658203,118.68000030517578,115.8499984741211,118.25,198428100,0.2648258965092687,0
445,2025-05-09,116.3565673828125,116.6500015258789,118.2300033569336,115.20999908447266,117.3499984741211,132972200,-0.613445687871117,0
446,2025-05-12,122.6905746459961,123.0,123.0,120.27999877929688,121.97000122070312,225023300,5.443633425681815,0
447,2025-05-13,129.60313415527344,129.92999267578125,131.22000122070312,124.47000122070312,124.9800033569336,330430100,5.634140386814024,0
448,2025-05-14,134.99952697753906,135.33999633789062,135.44000244140625,131.67999267578125,133.1999969482422,281180800,4.163783550430233,0
449,2025-05-15,134.49081420898438,134.8300018310547,136.3000030517578,132.66000366210938,134.2899932861328,226632600,-0.37682467905694184,0
450,2025-05-16,135.05938720703125,135.39999389648438,136.35000610351562,133.4600067138672,136.22000122070312,226542500,0.42274868923009024,0
451,2025-05-19,135.22897338867188,135.57000732421875,135.8699951171875,132.38999938964844,132.38999938964844,193154600,0.1255638370739831,0
452,2025-05-20,134.04196166992188,134.3800048828125,134.5800018310547,132.6199951171875,134.2899932861328,161514200,-0.8777770724466616,0
453,2025-05-21,131.4684600830078,131.8000030517578,137.39999389648438,130.58999633789062,133.05999755859375,270608700,-1.9199298536300868,0
454,2025-05-22,132.495849609375,132.8300018310547,134.25,131.5500030517578,132.22999572753906,187344000,0.7814861573959053,0
455,2025-05-23,130.959716796875,131.2899932861328,132.67999267578125,129.16000366210938,130.0,198821300,-1.159383063835684,0
456,2025-05-27,135.1591339111328,135.5,135.66000366210938,133.30999755859375,134.14999389648438,192953600,3.2066470631100685,0
457,2025-05-28,134.47085571289062,134.80999755859375,137.25,134.7899932861328,136.02999877929688,304021100,-0.5092268940267486,0
458,2025-05-29,138.83984375,139.19000244140625,143.49000549316406,137.91000366210938,142.25,369241900,3.24902081606282,1
459,2025-05-30,134.79006958007812,135.1300048828125,139.6199951171875,132.9199981689453,138.72000122070312,333170900,-2.91687440719951,0
460,2025-06-02,137.03440856933594,137.3800048828125,138.1199951171875,135.39999389648438,135.49000549316406,197663100,1.6650632122386488,0
461,2025-06-03,140.86474609375,141.22000122070312,142.0,137.9499969482422,138.77999877929688,225578800,2.795163925904798,0
462,2025-06-04,141.56297302246094,141.9199981689453,142.38999938964844,139.5399932861328,142.19000244140625,167120800,0.4956783332328518,0
463,2025-06-05,139.63784790039062,139.99000549316406,144.0,138.8300018310547,142.1699981689453,231397900,-1.359915939037526,0
464,2025-06-06,141.36349487304688,141.72000122070312,143.27000427246094,141.50999450683594,142.50999450683594,153986200,1.2357994568573227,0
465,2025-06-09,142.27120971679688,142.6300048828125,145.0,141.94000244140625,143.19000244140625,185114500,0.6421137837080648,0
466,2025-06-10,143.59786987304688,143.9600067138672,144.2899932861328,141.52999877929688,142.69000244140625,155881900,0.9324838992661011,0
467,2025-06-11,142.4805908203125,142.8300018310547,144.99000549316406,141.8699951171875,144.61000061035156,167694000,-0.7849436163604007,0
468,2025-06-12,144.64529418945312,145.0,145.0,141.85000610351562,141.97000122070312,162365000,1.519287363387467,0
469,2025-06-13,141.62271118164062,141.97000122070312,143.5800018310547,140.85000610351562,142.47999572753906,180820600,-2.089654330549573,0
470,2025-06-16,144.33602905273438,144.69000244140625,146.17999267578125,143.1999969482422,143.35000610351562,183133700,1.9158985682296903,0
471,2025-06-17,143.76742553710938,144.1199951171875,145.22000122070312,143.77999877929688,144.49000549316406,139108000,-0.3939507323248437,0
472,2025-06-18,145.12411499023438,145.47999572753906,145.64999389648438,143.1199951171875,144.00999450683594,161494100,0.9436585181991752,0
473,2025-06-20,143.4980926513672,143.85000610351562,146.1999969482422,142.64999389648438,145.4499969482422,242956200,-1.1204218256069765,0
474,2025-06-23,143.81732177734375,144.1699981689453,144.77999877929688,142.02999877929688,142.5,154308900,0.22244841977929752,0
475,2025-06-24,147.53817749023438,147.89999389648438,147.9600067138672,145.5,145.55999755859375,187566100,2.587220486170838,0
476,2025-06-25,153.9324951171875,154.30999755859375,154.4499969482422,149.25999450683594,149.27000427246094,269146500,4.334012120781927,0
477,2025-06-26,154.64077758789062,155.02000427246094,156.72000122070312,154.0,155.97999572753906,198145700,0.46011711820395096,0
478,2025-06-27,157.3640899658203,157.75,158.7100067138672,155.25999450683594,156.0399932861328,263234500,1.7610602840268719,0
479,2025-06-30,157.60350036621094,157.99000549316406,158.66000366210938,155.9600067138672,158.39999389648438,194580300,0.15214294336867162,0
480,2025-07-01,152.9249725341797,153.3000030517578,157.1999969482422,151.49000549316406,156.2899932861328,213143600,-2.9685437548827576,0
481,2025-07-02,156.8653106689453,157.25,157.60000610351562,152.97000122070312,152.97999572753906,171224100,2.5766450551919284,0
482,2025-07-03,158.9501953125,159.33999633789062,160.97999572753906,157.77000427246094,158.3699951171875,143716100,1.3290914708366408,0
483,2025-07-07,157.85289001464844,158.24000549316406,159.30999755859375,157.33999633789062,158.1999969482422,140139000,-0.6903419543163314,0
484,2025-07-08,159.60858154296875,160.0,160.22000122070312,158.38999938964844,159.3300018310547,138133000,1.1122310703610028,0
485,2025-07-09,162.48153686523438,162.8800048828125,164.4199981689453,161.16000366210938,161.22000122070312,183656400,1.8000030517578036,0
486,2025-07-10,163.6985626220703,164.10000610351562,164.5,161.61000061035156,164.32000732421875,167704100,0.7490184087241891,0
487,2025-07-11,164.5165557861328,164.9199981689453,167.88999938964844,163.47000122070312,163.72000122070312,193633300,0.4996904539494196,0
488,2025-07-14,163.66864013671875,164.07000732421875,165.49000549316406,162.02000427246094,165.3699951171875,136975800,-0.5153958611228138,0
489,2025-07-15,170.28240966796875,170.6999969482422,172.39999389648438,169.1999969482422,171.19000244140625,230627400,4.040951623121414,0
490,2025-07-16,170.95074462890625,171.3699951171875,171.75,168.89999389648438,171.05999755859375,158831500,0.3925003989006859,0
491,2025-07-17,172.5767822265625,173.0,174.16000366210938,170.8300018310547,172.02000427246094,160841100,0.9511611888054494,0
492,2025-07-18,171.9882354736328,172.41000366210938,174.25,171.25999450683594,173.63999938964844,146456400,-0.3410383456015187,0
493,2025-07-21,170.9607391357422,171.3800048828125,173.3800048828125,171.0,172.75,123126100,-0.5974124223762978,0
494,2025-07-22,166.62136840820312,167.02999877929688,171.38999938964844,164.5800018310547,171.33999633789062,193114300,-2.5382226511722283,0
495,2025-07-23,170.36221313476562,170.77999877929688,171.25999450683594,167.97000122070312,169.52999877929688,154082200,2.2451056860480545,0
496,2025-07-24,173.31500244140625,173.74000549316406,173.8300018310547,171.3000030517578,172.44000244140625,128984600,1.733227974601692,0
497,2025-07-25,173.0755615234375,173.5,174.72000122070312,172.9600067138672,173.61000061035156,122316800,-0.1381406041071509,0
498,2025-07-28,176.317626953125,176.75,177.0,173.97000122070312,174.02000427246094,140023500,1.8731988472622474,0
499,2025-07-29,175.08062744140625,175.50999450683594,179.3800048828125,175.02000427246094,177.9600067138672,154077500,-0.7015589777448761,0
500,2025-07-30,178.83145141601562,179.27000427246094,179.88999938964844,176.0399932861328,176.50999450683594,174312200,2.1423337036675427,0
501,2025-07-31,177.4348602294922,177.8699951171875,183.3000030517578,175.92999267578125,182.89999389648438,221685400,-0.7809500317440987,0
502,2025-08-01,173.29502868652344,173.72000122070312,176.5399932861328,170.88999938964844,174.08999633789062,204529000,-2.3331613034284993,0
503,2025-08-04,179.55966186523438,180.0,180.1999969482422,174.52000427246094,175.16000366210938,148174600,3.6150119359707134,0
504,2025-08-05,177.8238983154297,178.25999450683594,180.25999450683594,175.89999389648438,179.6199951171875,156407600,-0.9666697184244843,0
505,2025-08-06,178.98106384277344,179.4199981689453,179.89999389648438,176.25,176.3300018310547,137192300,0.6507369560503795,0
506,2025-08-07,180.32778930664062,180.77000427246094,183.8800048828125,178.8000030517578,181.57000732421875,151878400,0.7524278883585866,0
507,2025-08-08,182.2530517578125,182.6999969482422,183.3000030517578,180.39999389648438,181.5500030517578,123396700,1.0676509543432466,0
508,2025-08-11,181.6146240234375,182.05999755859375,183.83999633789062,180.25,182.0500030517578,138323200,-0.35030071173440813,0
509,2025-08-12,182.71192932128906,183.16000366210938,184.47999572753906,179.4600067138672,182.9600067138672,145485700,0.6041997793400977,0
510,2025-08-13,181.14578247070312,181.58999633789062,183.97000122070312,179.35000610351562,182.6199951171875,179871700,-0.8571780371412707,0
511,2025-08-14,181.57472229003906,182.02000427246094,183.02000427246094,179.4600067138672,179.75,129554000,0.23680155473442266,0
512,2025-08-15,180.00856018066406,180.4499969482422,181.89999389648438,178.0399932861328,181.8800048828125,156602200,-0.862546581346435,0
513,2025-08-18,181.5647430419922,182.00999450683594,182.94000244140625,180.58999633789062,180.60000610351562,132008000,0.8645040648247893,0
514,2025-08-19,175.2103271484375,175.63999938964844,182.5,175.49000549316406,182.42999267578125,185229200,-3.49980512578294,0
515,2025-08-20,174.97091674804688,175.39999389648438,176.0,168.8000030517578,175.1699981689453,215142700,-0.1366462616705144,0
516,2025-08-21,174.5519256591797,174.97999572753906,176.89999389648438,173.80999755859375,174.85000610351562,140040900,-0.2394516439910399,0
517,2025-08-22,177.5545654296875,177.99000549316406,178.58999633789062,171.1999969482422,172.61000061035156,172789400,1.7202022168933517,0
518,2025-08-25,179.3701171875,179.80999755859375,181.91000366210938,176.57000732421875,178.35000610351562,163012800,1.0225248661501984,0
519,2025-08-26,181.32533264160156,181.77000427246094,182.38999938964844,178.80999755859375,180.05999755859375,168688200,1.0900432347920486,0
520,2025-08-27,181.15576171875,181.60000610351562,182.49000549316406,179.10000610351562,181.97999572753906,235518900,-0.09352377452249705,0
521,2025-08-28,179.729248046875,180.1699981689453,184.47000122070312,176.41000366210938,180.82000732421875,281787800,-0.7874492767115715,0
522,2025-08-29,173.75387573242188,174.17999267578125,178.14999389648438,173.14999389648438,178.11000061035156,243257900,-3.3246409247044806,0
523,2025-09-02,170.36221313476562,170.77999877929688,172.3800048828125,167.22000122070312,170.0,231164900,-1.9520002522982804,0
524,2025-09-03,170.20260620117188,170.6199951171875,172.41000366210938,168.8800048828125,171.05999755859375,164424900,-0.09368993046788843,0
525,2025-09-04,171.24005126953125,171.66000366210938,171.86000061035156,169.41000366210938,170.57000732421875,141670100,0.6095466971544283,0
526,2025-09-05,166.61141967773438,167.02000427246094,169.02999877929688,164.07000732421875,168.02999877929688,224441400,-2.7030171796929903,0
527,2025-09-08,167.8982696533203,168.30999755859375,170.9600067138672,167.35000610351562,167.5500030517578,163769100,0.7723585517507514,0
528,2025-09-09,170.34226989746094,170.75999450683594,170.97999572753906,166.74000549316406,169.08999633789062,157548400,1.4556455253879275,0
529,2025-09-10,176.8961944580078,177.3300018310547,179.2899932861328,175.47000122070312,176.63999938964844,226852000,3.84750968351415,0
530,2025-09-11,176.7465362548828,177.1699981689453,180.27999877929688,176.47999572753906,179.67999267578125,151159300,-0.090229324117308,0
531,2025-09-12,177.39500427246094,177.82000732421875,178.60000610351562,176.4499969482422,177.77000427246094,124911000,0.3668844397986648,0
532,2025-09-15,177.32516479492188,177.75,178.85000610351562,174.50999450683594,175.6699981689453,147061600,-0.039369767931174415,0
533,2025-09-16,174.46202087402344,174.8800048828125,177.5,174.3800048828125,177.0,140737800,-1.6146245385021074,0
534,2025-09-17,169.8829803466797,170.2899932861328,173.1999969482422,168.41000366210938,172.63999938964844,211843800,-2.6246634655319623,0
535,2025-09-18,175.81878662109375,176.24000549316406,177.10000610351562,172.9600067138672,173.97999572753906,191763300,3.4940468856755613,0
536,2025-09-19,176.24774169921875,176.6699981689453,178.0800018310547,175.17999267578125,175.77000427246094,237182100,0.24398131092768782,0
537,2025-09-22,183.17117309570312,183.61000061035156,184.5500030517578,174.7100067138672,175.3000030517578,269637000,3.928229191902566,0
538,2025-09-23,178.0035400390625,178.42999267578125,182.4199981689453,176.2100067138672,181.97000122070312,192559600,-2.8212014146021813,0
539,2025-09-24,176.54702758789062,176.97000122070312,179.77999877929688,175.39999389648438,179.77000427246094,143564100,-0.8182432970958109,0
540,2025-09-25,177.26528930664062,177.69000244140625,180.25999450683594,173.1300048828125,174.47999572753906,191586700,0.40684930538323894,0
541,2025-09-26,177.76412963867188,178.19000244140625,179.77000427246094,174.92999267578125,178.1699981689453,148573700,0.28138893192084513,0
542,2025-09-29,181.4153594970703,181.85000610351562,184.0,180.32000732421875,180.42999267578125,193063500,2.053989343938012,0
543,2025-09-30,186.13406372070312,186.5800018310547,187.35000610351562,181.47999572753906,182.0800018310547,236981000,2.601042380414653,0
544,2025-10-01,186.79249572753906,187.24000549316406,188.13999938964844,183.89999389648438,185.24000549316406,173844900,0.3537376222704669,0
545,2025-10-02,188.4385528564453,188.88999938964844,191.0500030517578,188.05999755859375,189.60000610351562,136805800,0.8812186755381202,0
546,2025-10-03,187.1715545654297,187.6199951171875,190.36000061035156,185.3800048828125,189.19000244140625,137596900,-0.67235125023275,0
547,2025-10-06,185.09654235839844,185.5399932861328,187.22999572753906,183.3300018310547,185.5,157678100,-1.1086248188821868,0
548,2025-10-07,184.5977325439453,185.0399932861328,189.05999755859375,184.0,186.22999572753906,140088000,-0.2694836790410604,0
549,2025-10-08,188.65802001953125,189.11000061035156,189.60000610351562,186.5399932861328,186.57000732421875,130168900,2.199528465138445,0
550,2025-10-09,192.1097412109375,192.57000732421875,195.3000030517578,191.05999755859375,192.22999572753906,182997200,1.8296265150970603,0
551,2025-10-10,182.72222900390625,183.16000366210938,195.6199951171875,182.0500030517578,193.50999450683594,268774400,-4.886536482426518,0
552,2025-10-13,187.8699188232422,188.32000732421875,190.11000061035156,185.9600067138672,187.97000122070312,153482800,2.8172109406748413,0
553,2025-10-14,179.59971618652344,180.02999877929688,184.8000030517578,179.6999969482422,184.77000427246094,205641400,-4.402085929536681,0
554,2025-10-15,179.4001922607422,179.8300018310547,184.8699951171875,177.2899932861328,184.8000030517578,214450500,-0.11109090129327592,0
555,2025-10-16,181.3754425048828,181.80999755859375,183.27999877929688,179.77000427246094,182.22999572753906,179723300,1.1010374839450998,0
556,2025-10-17,182.78208923339844,183.22000122070312,184.10000610351562,179.75,180.17999267578125,173135200,0.7755369237354204,0
557,2025-10-20,182.20347595214844,182.63999938964844,185.1999969482422,181.72999572753906,183.1300048828125,128544700,-0.31656032485013474,0
558,2025-10-21,180.72702026367188,181.16000366210938,182.7899932861328,179.8000030517578,182.7899932861328,124240200,-0.8103349389427028,0
559,2025-10-22,179.84910583496094,180.27999877929688,183.44000244140625,176.75999450683594,181.13999938964844,162249600,-0.485761131057294,0
560,2025-10-23,181.72463989257812,182.16000366210938,183.02999877929688,179.7899932861328,180.4199981689453,111363700,1.0428249919804289,0
561,2025-10-24,185.81480407714844,186.25999450683594,187.47000122070312,183.5,183.83999633789062,131296700,2.250763483915863,0
562,2025-10-27,191.03233337402344,191.49000549316406,192.0,188.42999267578125,189.99000549316406,153452700,2.807908912579826,0
563,2025-10-28,200.54953002929688,201.02999877929688,203.14999389648438,191.91000366210938,193.0500030517578,297986200,4.9819797443545255,0
564,2025-10-29,206.54515075683594,207.0399932861328,212.19000244140625,204.77999877929688,207.97999572753906,308829600,2.9896008274039154,0
565,2025-10-30,202.4050750732422,202.88999938964844,206.16000366210938,201.41000366210938,205.14999389648438,178864400,-2.0044407027916655,0
566,2025-10-31,202.00604248046875,202.49000549316406,207.97000122070312,202.07000732421875,206.4499969482422,179802200,-0.19714815796129104,0
567,2025-11-03,206.3855438232422,206.8800048828125,211.33999633789062,205.55999755859375,208.0800018310547,180267300,2.168007936469052,0
568,2025-11-04,198.21511840820312,198.69000244140625,203.97000122070312,197.92999267578125,203.0,188919300,-3.958817792007252,0
569,2025-11-05,194.74343872070312,195.2100067138672,202.9199981689453,194.64999389648438,198.77000427246094,171350300,-1.7514699706973502,0
570,2025-11-06,187.63047790527344,188.0800018310547,197.6199951171875,186.3800048828125,196.4199981689453,223029800,-3.6524791955278357,0
571,2025-11-07,187.70028686523438,188.14999389648438,188.32000732421875,178.91000366210938,184.89999389648438,264942300,0.0372139859359244,0
572,2025-11-10,198.57427978515625,199.0500030517578,199.94000244140625,193.7899932861328,195.11000061035156,198897100,5.79325512031128,0
573,2025-11-11,192.69833374023438,193.16000366210938,195.4199981689453,191.3000030517578,195.16000366210938,176483300,-2.959055161690649,0
574,2025-11-12,193.33680725097656,193.8000030517578,195.88999938964844,191.1300048828125,195.72000122070312,154935300,0.3313312163567561,0
575,2025-11-13,186.41339111328125,186.86000061035156,191.44000244140625,183.85000610351562,191.0500030517578,207423100,-3.581012555274732,0
576,2025-11-14,189.71546936035156,190.1699981689453,191.00999450683594,180.5800018310547,182.86000061035156,186591900,1.771378330184148,0
577,2025-11-17,186.15402221679688,186.60000610351562,189.0,184.32000732421875,185.97000122070312,173628900,-1.8772635535591387,0
578,2025-11-18,180.926513671875,181.36000061035156,184.8000030517578,179.64999389648438,183.3800048828125,213598900,-2.8081486183109683,0
579,2025-11-19,186.07418823242188,186.52000427246094,187.86000061035156,182.8300018310547,184.7899932861328,247246400,2.845171837639948,0
580,2025-11-20,180.208251953125,180.63999938964844,196.0,179.85000610351562,195.9499969482422,343504800,-3.152479491810023,0
581,2025-11-21,178.45245361328125,178.8800048828125,184.55999755859375,172.92999267578125,181.24000549316406,346926200,-0.9743105141622355,0
582,2025-11-24,182.1136932373047,182.5500030517578,183.5,176.47999572753906,179.49000549316406,256618300,2.051653660983299,0
583,2025-11-25,177.39500427246094,177.82000732421875,178.16000366210938,169.5500030517578,174.91000366210938,320600300,-2.591068555719489,0
584,2025-11-26,179.8291473388672,180.25999450683594,182.91000366210938,178.24000549316406,181.6300048828125,183852000,1.3721668440651813,0
585,2025-11-28,176.57696533203125,177.0,179.2899932861328,176.5,179.00999450683594,121332800,-1.8084958427713183,0
586,2025-12-01,179.48997497558594,179.9199981689453,180.3000030517578,173.67999267578125,174.75999450683594,188131000,1.6497164796301256,0
587,2025-12-02,181.02630615234375,181.4600067138672,185.66000366210938,180.0,181.75999450683594,182632200,0.8559407295434696,0
588,2025-12-03,179.1607666015625,179.58999633789062,182.4499969482422,179.11000061035156,181.0800018310547,165138000,-1.030535824307155,0
589,2025-12-04,182.95188903808594,183.3800048828125,184.52000427246094,179.9600067138672,181.6199951171875,167364900,2.1103672933937556,0
590,2025-12-05,181.98416137695312,182.41000366210938,184.66000366210938,180.91000366210938,183.88999938964844,143971100,-0.5289569172620467,0
591,2025-12-08,185.1168212890625,185.5500030517578,188.0,182.39999389648438,182.63999938964844,204378100,1.721396484079274,0
592,2025-12-09,184.53819274902344,184.97000122070312,185.72000122070312,183.32000732421875,185.55999755859375,144719700,-0.31258519079242486,0
593,2025-12-10,183.3509521484375,183.77999877929688,185.47999572753906,182.0399932861328,184.97000122070312,162785400,-0.6433488855235314,0
594,2025-12-11,180.50759887695312,180.92999267578125,181.32000732421875,176.6199951171875,180.27999877929688,182136600,-1.5507705530775517,0
595,2025-12-12,174.61141967773438,175.02000427246094,182.82000732421875,174.6199951171875,181.11000061035156,204274900,-3.2664503634346365,0
596,2025-12-15,175.87843322753906,176.2899932861328,178.4199981689453,175.02999877929688,177.94000244140625,164775600,0.7256250615185866,0
597,2025-12-16,177.3050994873047,177.72000122070312,178.49000549316406,174.89999389648438,176.25999450683594,148588100,0.811167955658898,0
598,2025-12-17,170.5409393310547,170.94000244140625,176.1300048828125,170.30999755859375,176.10000610351562,222775500,-3.8149891586355955,0
599,2025-12-18,173.73345947265625,174.13999938964844,176.14999389648438,171.82000732421875,174.52999877929688,176096000,1.8720000599854014,0
600,2025-12-19,180.56747436523438,180.99000549316406,181.4499969482422,176.33999633789062,176.6699981689453,324925900,3.933620149032113,0
601,2025-12-22,183.26116943359375,183.69000244140625,184.16000366210938,182.35000610351562,183.9199981689453,129064400,1.4917933953784823,0
602,2025-12-23,188.76829528808594,189.2100067138672,189.3300018310547,182.89999389648438,182.97000122070312,174873600,3.0050651636426062,0
603,2025-12-24,188.169677734375,188.61000061035156,188.91000366210938,186.58999633789062,187.94000244140625,65528500,-0.3171111898024437,0
604,2025-12-26,190.085205078125,190.52999877929688,192.69000244140625,188.0,189.9199981689453,139740300,1.0179726222003582,0
605,2025-12-29,187.7805938720703,188.22000122070312,188.75999450683594,185.91000366210938,187.7100067138672,120006100,-1.2124062212741427,0
606,2025-12-30,187.10218811035156,187.5399932861328,188.99000549316406,186.92999267578125,188.24000549316406,97687300,-0.3612835671873982,0
607,2025-12-31,186.06460571289062,186.5,190.55999755859375,186.49000549316406,189.57000732421875,120100500,-0.5545448029029565,0
608,2026-01-02,188.4091339111328,188.85000610351562,192.92999267578125,188.25999450683594,189.83999633789062,148240500,1.2600568919654886,0
609,2026-01-05,187.6808319091797,188.1199951171875,193.6300048828125,186.14999389648438,191.75999450683594,183529700,-0.38655597709008616,0
610,2026-01-06,186.8029022216797,187.24000549316406,192.1699981689453,186.82000732421875,190.52000427246094,176862600,-0.46778101576882003,0
611,2026-01-07,188.66851806640625,189.11000061035156,191.3699951171875,186.55999755859375,188.57000732421875,153543200,0.9987155855193386,0
612,2026-01-08,184.60800170898438,185.0399932861328,189.5500030517578,183.7100067138672,189.11000061035156,172457000,-2.1521904241355916,0
613,2026-01-09,184.42843627929688,184.86000061035156,186.33999633789062,183.6699981689453,185.0800018310547,131327500,-0.09727230993946678,0
614,2026-01-12,184.5082550048828,184.94000244140625,187.1199951171875,183.02000427246094,183.22000122070312,137968500,0.04327698300905514,0
615,2026-01-13,185.376220703125,185.80999755859375,188.11000061035156,183.39999389648438,185.0,160128900,0.47042019341549945,0
616,2026-01-14,182.7124481201172,183.13999938964844,184.4600067138672,180.8000030517578,184.32000732421875,159586100,-1.43695075831608,0
617,2026-01-15,186.6133270263672,187.0500030517578,189.6999969482422,186.3300018310547,186.5,206188600,2.1349807115541353,0
618,2026-01-16,185.7952423095703,186.22999572753906,190.44000244140625,186.0800018310547,189.0800018310547,187967200,-0.43838936692871533,0
619,2026-01-20,177.65428161621094,178.07000732421875,182.3800048828125,177.61000061035156,181.89999389648438,223345300,-4.381672442960616,0
620,2026-01-21,182.8920440673828,183.32000732421875,185.3800048828125,178.39999389648438,179.0500030517578,200381000,2.9482786455111043,0
621,2026-01-22,184.40847778320312,184.83999633789062,186.1699981689453,183.92999267578125,184.75,139636600,0.8291451848916997,0
622,2026-01-23,187.23187255859375,187.6699981689453,189.60000610351562,186.82000732421875,187.5,142748100,1.5310549053903832,0
623,2026-01-26,186.03466796875,186.47000122070312,189.1199951171875,185.99000549316406,187.16000366210938,124799600,-0.639418639074063,0
624,2026-01-27,188.07989501953125,188.52000427246094,190.0,185.6999969482422,187.24000549316406,143711600,1.099374182623336,0
625,2026-01-28,191.0728759765625,191.52000427246094,192.35000610351562,189.83999633789062,191.27000427246094,148552700,1.5913430575061005,0
626,2026-01-29,192.06057739257812,192.50999450683594,193.47999572753906,186.05999755859375,191.33999633789062,171764400,0.5169121826911649,0
627,2026-01-30,190.68380737304688,191.1300048828125,194.49000549316406,189.47000122070312,191.2100067138672,179489500,-0.716840508753136,0
628,2026-02-02,185.1766815185547,185.61000061035156,190.3000030517578,184.8800048828125,187.1999969482422,165794100,-2.8880888041861397,0
629,2026-02-03,179.91897583007812,180.33999633789062,186.27000427246094,176.22999572753906,186.24000549316406,204019600,-2.839288968876297,0
630,2026-02-04,173.78335571289062,174.19000244140625,179.5800018310547,171.91000366210938,179.4600067138672,207014100,-3.410221815110581,0
631,2026-02-05,171.47874450683594,171.8800048828125,176.82000732421875,171.02999877929688,174.92999267578125,206312900,-1.3261367048724715,0
632,2026-02-06,184.97715759277344,185.41000366210938,187.0,174.60000610351562,176.69000244140625,231346200,7.871770069195438,0
633,2026-02-09,189.59634399414062,190.0399932861328,193.66000366210938,183.9499969482422,184.25999450683594,196387400,2.4971627919608386,0
634,2026-02-10,188.09983825683594,188.5399932861328,192.47999572753906,188.1199951171875,191.3800048828125,136764800,-0.7893075420927542,0
635,2026-02-11,189.60633850097656,190.0500030517578,193.25999450683594,188.77000427246094,192.4499969482422,144192700,0.8008962657240382,0
636,2026-02-12,186.50360107421875,186.94000244140625,193.61000061035156,186.50999450683594,193.02999877929688,189932500,-1.636411765541823,0
637,2026-02-13,182.38320922851562,182.80999755859375,187.5,181.58999633789062,187.47999572753906,161888000,-2.209267587929442,0
638,2026-02-17,184.53819274902344,184.97000122070312,187.14999389648438,179.17999267578125,181.75,162276900,1.181556638562431,0
639,2026-02-18,187.5411376953125,187.97999572753906,190.3699951171875,186.75999450683594,188.75,164749100,1.6272879315410993,0
640,2026-02-19,187.46131896972656,187.89999389648438,188.42999267578125,185.66000366210938,187.05999755859375,126554500,-0.042558693942440495,0
641,2026-02-20,189.37686157226562,189.82000732421875,190.3300018310547,185.94000244140625,186.57000732421875,178422300,1.0218272964884312,0
642,2026-02-23,191.10281372070312,191.5500030517578,193.9499969482422,189.5800018310547,191.39999389648438,171584800,0.9113874516842646,0
643,2026-02-24,192.39979553222656,192.85000610351562,193.77000427246094,187.39999389648438,191.49000549316406,175123600,0.6786755578419568,0
644,2026-02-25,195.10345458984375,195.55999755859375,197.6300048828125,193.7899932861328,194.4499969482422,250637100,1.4052327556699717,0
645,2026-02-26,184.4583740234375,184.88999938964844,194.2899932861328,184.32000732421875,194.27000427246094,360807900,-5.456125128938172,1
646,2026-02-27,176.77633666992188,177.19000244140625,182.58999633789062,176.3800048828125,181.25,311636500,-4.164636796831145,0
647,2026-03-02,182.05397033691406,182.47999572753906,183.4600067138672,174.63999938964844,175.00999450683594,209095300,2.985491965260345,0
648,2026-03-03,179.62966918945312,180.0500030517578,180.89999389648438,176.9199981689453,178.49000549316406,178099400,-1.3316488013346284,0
649,2026-03-04,182.61268615722656,183.0399932861328,184.6999969482422,180.05999755859375,180.44000244140625,177731200,1.6606443675068805,0
650,2026-03-05,182.91197204589844,183.33999633789062,184.05999755859375,177.8800048828125,181.1699981689453,198779700,0.1639002746732121,0
651,2026-03-06,177.40487670898438,177.82000732421875,182.75999450683594,176.82000732421875,179.83999633789062,189021900,-3.010793675101142,0
652,2026-03-09,182.2235870361328,182.64999389648438,182.91000366210938,175.55999755859375,176.8300018310547,177213600,2.716222232214349,0
653,2026-03-10,184.33865356445312,184.77000427246094,186.44000244140625,182.00999450683594,182.39999389648438,179118500,1.1606955635476535,0
654,2026-03-11,185.60574340820312,186.02999877929688,187.6199951171875,184.4499969482422,185.91000366210938,145280400,0.6819258958169261,0
655,2026-03-12,182.7223358154297,183.13999938964844,184.94000244140625,181.75,184.0500030517578,155762700,-1.5535125563684415,0
656,2026-03-13,179.8389434814453,180.25,186.08999633789062,179.94000244140625,184.9199981689453,160988400,-1.5780274103308733,0
657,2026-03-16,182.80215454101562,183.22000122070312,188.8800048828125,181.41000366210938,182.97000122070312,217307400,1.647712189016981,0
658,2026-03-17,181.51510620117188,181.92999267578125,185.39999389648438,181.67999267578125,185.05999755859375,182497800,-0.704076266961684,0
659,2026-03-18,179.98858642578125,180.39999389648438,183.3800048828125,180.3300018310547,182.47999572753906,156683100,-0.8409821584632771,0
660,2026-03-19,178.15277099609375,178.55999755859375,179.97999572753906,175.7899932861328,178.00999450683594,170968500,-1.0199536586162128,0
661,2026-03-20,172.30615234375,172.6999969482422,178.25999450683594,171.72000122070312,178.0,241323500,-3.2818104225324163,0
662,2026-03-23,175.23944091796875,175.63999938964844,178.3699951171875,174.75999450683594,177.25999450683594,182836300,1.7023755028133358,0
663,2026-03-24,174.80044555664062,175.1999969482422,176.22000122070312,173.97999572753906,174.8300018310547,147667800,-0.2505138026276832,0
664,2026-03-25,178.2725067138672,178.67999267578125,181.22000122070312,176.85000610351562,177.10000610351562,162602100,1.9862989658425256,0
665,2026-03-26,170.8494873046875,171.24000549316406,176.50999450683594,171.13999938964844,176.07000732421875,186152200,-4.163861365338873,0
666,2026-03-27,167.13796997070312,167.52000427246094,170.97000122070312,167.00999450683594,170.0,196212700,-2.172390271764868,0
667,2026-03-30,164.79331970214844,165.1699981689453,169.4499969482422,164.27000427246094,168.77999877929688,185627000,-1.4028211816980884,0
668,2026-03-31,174.00225830078125,174.39999389648438,174.6199951171875,166.9600067138672,166.97000122070312,226181300,5.588179348466227,0
669,2026-04-01,175.34918212890625,175.75,177.3699951171875,174.75,176.0,168132000,0.7740860956204632,0
670,2026-04-02,176.98545837402344,177.38999938964844,177.49000549316406,171.3699951171875,172.17999267578125,143143200,0.9331433227018238,0
671,2026-04-06,177.23487854003906,177.63999938964844,177.7899932861328,175.75999450683594,177.16000366210938,107564300,0.14093240930164175,0
672,2026-04-07,177.69383239746094,178.10000610351562,178.22999572753906,173.66000366210938,175.72999572753906,132534900,0.25895446715138437,0
673,2026-04-08,181.66476440429688,182.0800018310547,185.25999450683594,180.3000030517578,184.5,147732700,2.234697131467711,0
674,2026-04-09,183.4906005859375,183.91000366210938,184.0800018310547,180.6199951171875,181.83999633789062,116428500,1.0050537196021558,0
675,2026-04-10,188.1998291015625,188.6300048828125,190.0,184.3000030517578,184.30999755859375,160459500,2.5664733438725884,0
676,2026-04-13,188.87826538085938,189.30999755859375,189.66000366210938,185.74000549316406,186.02999877929688,133648200,0.36049019677633076,0
677,2026-04-14,196.0618438720703,196.50999450683594,196.50999450683594,190.77000427246094,190.83999633789062,161307000,3.8032840531909473,0
678,2026-04-15,198.41647338867188,198.8699951171875,200.39999389648438,195.74000549316406,196.5399932861328,185338400,1.2009570384825752,0
679,2026-04-16,197.8976593017578,198.35000610351562,199.85000610351562,195.80999755859375,197.42999267578125,134012900,-0.26147182905368327,0
680,2026-04-17,201.2200469970703,201.67999267578125,201.6999969482422,199.27000427246094,199.89999389648438,160324400,1.6788436953854902,0
681,2026-04-20,201.59918212890625,202.05999755859375,202.1699981689453,197.83999633789062,199.97999572753906,119381400,0.18841972263623497,0
682,2026-04-21,199.42417907714844,199.8800048828125,202.75,199.0,202.1300048828125,107945300,-1.078883847432044,0
683,2026-04-22,202.03819274902344,202.5,202.5,199.0,200.99000549316406,107501000,1.3107839969903834,0
684,2026-04-23,199.18470764160156,199.63999938964844,203.8300018310547,197.22000122070312,202.4600067138672,113561800,-1.4123459804205263,0
685,2026-04-24,207.79502868652344,208.27000427246094,210.9499969482422,199.80999755859375,199.9600067138672,214134400,4.322783464835034,0
686,2026-04-27,216.1160125732422,216.61000061035156,216.8300018310547,207.3800048828125,209.64999389648438,187172400,4.004415502378422,0
687,2026-04-28,212.68385314941406,213.1699981689453,214.72999572753906,208.1999969482422,209.49000549316406,180275400,-1.588108781548958,0
688,2026-04-29,208.77279663085938,209.25,212.72000122070312,207.5800018310547,212.6999969482422,123711800,-1.838907070702589,0
689,2026-04-30,199.1148681640625,199.57000732421875,210.3000030517578,198.6999969482422,209.92999267578125,225239200,-4.626041900014933,0
690,2026-05-01,197.9974365234375,198.4499969482422,203.0,197.1199951171875,201.27999877929688,128647000,-0.5612117727474941,0
691,2026-05-04,198.02734375,198.47999572753906,201.72999572753906,194.74000549316406,199.5,125368100,0.015116543088034007,0
692,2026-05-05,196.05186462402344,196.5,200.24000549316406,196.02999877929688,199.3000030517578,113406600,-0.9975794891980305,0
693,2026-05-06,207.3560333251953,207.8300018310547,208.27000427246094,198.61000061035156,199.88999938964844,188362800,5.765904239722497,0
694,2026-05-07,211.01766967773438,211.5,214.1999969482422,206.5,208.33999633789062,168307900,1.7658654364679505,0
695,2026-05-08,214.709228515625,215.1999969482422,217.8000030517578,212.88999938964844,213.02999877929688,136421400,1.7494075405400489,0
696,2026-05-11,218.93955993652344,219.44000244140625,222.3000030517578,213.88999938964844,214.0399932861328,160685800,1.9702628035742187,0
697,2026-05-12,220.27650451660156,220.77999877929688,223.75,214.9199981689453,218.5500030517578,159176600,0.6106436032548013,0
698,2026-05-13,225.3149871826172,225.8300018310547,227.83999633789062,221.57000732421875,224.92999267578125,150405400,2.287346263103318,0
699,2026-05-14,235.202392578125,235.74000549316406,236.5399932861328,229.3000030517578,229.85000610351562,180782900,4.388258239276421,0
700,2026-05-15,224.80615234375,225.32000732421875,231.5,224.24000549316406,229.75999450683594,180977600,-4.420122985552178,0
701,2026-05-18,221.81300354003906,222.32000732421875,230.0,218.3699951171875,229.8699951171875,146280900,-1.3314396868819633,0
702,2026-05-19,220.1068878173828,220.61000061035156,224.47999572753906,217.91000366210938,219.6199951171875,140948200,-0.769164563481417,0
703,2026-05-20,222.9603729248047,223.47000122070312,226.1300048828125,220.5,223.17999267578125,184201600,1.296405694410474,0
704,2026-05-21,219.0093994140625,219.50999450683594,227.39999389648438,217.92999267578125,222.2899932861328,203381800,-1.7720529342800773,0
705,2026-05-22,214.83892822265625,215.3300018310547,221.00999450683594,214.8000030517578,220.89999389648438,169275700,-1.904237975665879,0
706,2026-05-26,214.37001037597656,214.86000061035156,218.17999267578125,212.0,216.5399932861328,187202600,-0.21827019769956602,0
707,2026-05-27,212.1151580810547,212.60000610351562,214.14999389648438,208.77999877929688,214.1199951171875,167601200,-1.0518451551782437,0
708,2026-05-28,213.7613983154297,214.25,215.52000427246094,211.22000122070312,211.27999877929688,143996000,0.7761024690098095,0
709,2026-05-29,210.6584930419922,211.13999938964844,217.86000061035156,211.1300048828125,214.5800018310547,289410600,-1.4515755474219683,0
710,2026-06-01,223.8483428955078,224.36000061035156,224.8699951171875,215.6999969482422,215.72999572753906,212850700,6.261249056985307,0
711,2026-06-02,222.3118438720703,222.82000732421875,232.27999877929688,221.35000610351562,227.17999267578125,193362900,-0.6863938678656645,0
712,2026-06-03,214.26025390625,214.75,222.82000732421875,214.50999450683594,221.72000122070312,160907000,-3.621760640406191,0
713,2026-06-04,218.4156036376953,218.66000366210938,221.60000610351562,210.97000122070312,213.91000366210938,169022200,1.8207234747889878,0
714,2026-06-05,204.87075805664062,205.10000610351562,214.8699951171875,204.3300018310547,214.52999877929688,219655500,-6.2014073591381225,0
715,2026-06-08,208.40679931640625,208.63999938964844,210.47000122070312,206.0,210.17999267578125,138372800,1.7259839984335112,0
716,2026-06-09,207.95730590820312,208.19000244140625,211.39999389648438,199.33999633789062,210.6199951171875,180962500,-0.21568105327770537,0
717,2026-06-10,200.19598388671875,200.4199981689453,207.22000122070312,199.9199981689453,204.42999267578125,161746600,-3.7321697398258857,0
718,2026-06-11,204.64100646972656,204.8699951171875,205.66000366210938,199.5399932861328,201.49000549316406,158643200,2.220335789291372,0
719,2026-06-12,204.96066284179688,205.19000244140625,207.07000732421875,203.44000244140625,204.86000061035156,112001800,0.15620019126554308,0
720,2026-06-15,212.21253967285156,212.4499969482422,212.7100067138672,208.33999633789062,208.9199981689453,149936700,3.5381814028240033,0
721,2026-06-16,207.1781768798828,207.41000366210938,211.49000549316406,207.2899932861328,211.17999267578125,125694100,-2.3723197733726886,0
722,2026-06-17,204.42124938964844,204.64999389648438,209.2100067138672,203.0800018310547,208.52999877929688,128363500,-1.3307023368657411,0
723,2026-06-18,210.4545135498047,210.69000244140625,211.38999938964844,206.5,207.3300018310547,241272000,2.9513846689763534,0
724,2026-06-22,208.41677856445312,208.64999389648438,213.99000549316406,207.72000122070312,211.44000244140625,122041400,-0.968251232276296,0
725,2026-06-23,199.81640625,200.0399932861328,203.77000427246094,200.0,202.1699981689453,153496200,-4.126528091164561,0
726,2026-06-24,198.77757263183594,199.0,201.6699981689453,196.5800018310547,200.1199951171875,151810700,-0.519892681982459,0
727,2026-06-25,195.52122497558594,195.74000549316406,200.8000030517578,192.1300048828125,200.0800018310547,149550000,-1.6381881943899224,0
728,2026-06-26,192.31480407714844,192.52999877929688,195.5500030517578,191.22000122070312,193.1199951171875,179304100,-1.6399339040476746,0
729,2026-06-29,194.7520751953125,194.97000122070312,196.17999267578125,189.8000030517578,193.85000610351562,148835700,1.2673362368860186,0
730,2026-06-30,199.86634826660156,200.08999633789062,200.6300048828125,195.11000061035156,197.24000549316406,166476700,2.6260425117358155,0
731,2026-07-01,197.35916137695312,197.5800018310547,199.85000610351562,193.4499969482422,196.1999969482422,146147600,-1.2544327816355838,0
732,2026-07-02,194.61224365234375,194.8300018310547,200.05999755859375,192.35000610351562,197.13999938964844,142068700,-1.3918412665829716,0
733,2026-07-06,195.33143615722656,195.5500030517578,197.5500030517578,193.99000549316406,194.4199981689453,108999000,0.36955356666652506,0
734,2026-07-07,196.7098846435547,196.92999267578125,198.41000366210938,191.13999938964844,192.3699951171875,124154600,0.7056965494693257,0
735,2026-07-08,203.891845703125,204.1199951171875,205.16000366210938,195.05999755859375,195.17999267578125,147419100,3.651044893523969,0
736,2026-07-09,202.5533447265625,202.77999877929688,204.58999633789062,198.9600067138672,204.4600067138672,132037400,-0.6564748040099211,0
737,2026-07-10,210.72421264648438,210.9600067138672,211.0,201.9199981689453,202.0,148421000,4.033932332484791,0
738,2026-07-13,203.30250549316406,203.52999877929688,210.57000732421875,203.0,208.5399932861328,121411000,-3.521998340020871,0
739,2026-07-14,211.5632781982422,211.8000030517578,212.5500030517578,203.8000030517578,208.1999969482422,124379600,4.063285177645359,0
740,2026-07-15,212.26248168945312,212.5,213.80999755859375,206.0399932861328,211.9600067138672,124797200,0.33049902651376417,0
741,2026-07-16,207.16818237304688,207.39999389648438,211.0800018310547,205.85000610351562,210.1699981689453,122986100,-2.400002872242646,0
742,2026-07-17,202.58331298828125,202.80999755859375,206.64999389648438,197.97000122070312,202.63999938964844,144281900,-2.2131130535045007,0
743,2026-07-20,203.05279541015625,203.27999877929688,207.74000549316406,202.27999877929688,205.8699951171875,88701500,0.23174460152899368,0
744,2026-07-21,207.0583038330078,207.2899932861328,208.64999389648438,204.00999450683594,207.5399932861328,108685600,1.9726458731385677,0
745,2026-07-22,211.82298278808594,212.05999755859375,214.38999938964844,204.9499969482422,205.80999755859375,137645600,2.301126164771805,0
746,2026-07-23,208.5266571044922,208.75999450683594,210.8699951171875,205.9600067138672,209.4600067138672,110505300,-1.556164807012217,0
747,2026-07-24,206.6088104248047,206.83999633789062,211.91000366210938,204.80999755859375,207.4499969482422,114836800,-0.9197155678610791,0
748,2026-07-27,196.2903594970703,196.50999450683594,208.75,195.44000244140625,208.1999969482422,154353700,-4.994199387907427,0
749,2026-07-28,196.789794921875,197.00999450683594,198.6999969482422,192.74000549316406,195.0,134111500,0.2544399847217882,0
750,2026-07-29,189.79762268066406,190.00999450683594,197.07000732421875,190.00999450683594,195.85000610351562,147680800,-3.553119230079016,0
751,2026-07-30,194.82199096679688,195.0399932861328,197.25,191.52000427246094,193.4499969482422,129010200,2.6472285272951313,0
752,2026-07-31,200.52561950683594,200.75,202.0,194.9499969482422,198.44000244140625,139961200,2.9276081370092744,0
